400010002000001,test1
400010002000002,test2
400010002000003,test3
400010002000004,test4
400010002000005,test5
400010002000006,test6
400010002000007,test7
400010002000008,test8
400010002000009,test9
400010002000010,test10
400010002000011,test11
400010002000012,test12
400010002000013,test13
400010002000014,test14
400010002000015,test15
400010002000016,test16
400010002000017,test17
400010002000018,test18
400010002000019,test19
400010002000020,test20
400010002000021,test21
400010002000022,test22
400010002000023,test23
400010002000024,test24
400010002000025,test25
400010002000026,test26
400010002000027,test27
400010002000028,test28
400010002000029,test29
400010002000030,test30
400010002000031,test31
400010002000032,test32
400010002000033,test33
400010002000034,test34
400010002000035,test35
400010002000036,test36
400010002000037,test37
400010002000038,test38
400010002000039,test39
400010002000040,test40
400010002000041,test41
400010002000042,test42
400010002000043,test43
400010002000044,test44
400010002000045,test45
400010002000046,test46
400010002000047,test47
400010002000048,test48
400010002000049,test49
400010002000050,test50
400010002000051,test51
400010002000052,test52
400010002000053,test53
400010002000054,test54
400010002000055,test55
400010002000056,test56
400010002000057,test57
400010002000058,test58
400010002000059,test59
400010002000060,test60
400010002000061,test61
400010002000062,test62
400010002000063,test63
400010002000064,test64
400010002000065,test65
400010002000066,test66
400010002000067,test67
400010002000068,test68
400010002000069,test69
400010002000070,test70
400010002000071,test71
400010002000072,test72
400010002000073,test73
400010002000074,test74
400010002000075,test75
400010002000076,test76
400010002000077,test77
400010002000078,test78
400010002000079,test79
400010002000080,test80
400010002000081,test81
400010002000082,test82
400010002000083,test83
400010002000084,test84
400010002000085,test85
400010002000086,test86
400010002000087,test87
400010002000088,test88
400010002000089,test89
400010002000090,test90
400010002000091,test91
400010002000092,test92
400010002000093,test93
400010002000094,test94
400010002000095,test95
400010002000096,test96
400010002000097,test97
400010002000098,test98
400010002000099,test99
400010002000100,test100
400010002000101,test101
400010002000102,test102
400010002000103,test103
400010002000104,test104
400010002000105,test105
400010002000106,test106
400010002000107,test107
400010002000108,test108
400010002000109,test109
400010002000110,test110
400010002000111,test111
400010002000112,test112
400010002000113,test113
400010002000114,test114
400010002000115,test115
400010002000116,test116
400010002000117,test117
400010002000118,test118
400010002000119,test119
400010002000120,test120
400010002000121,test121
400010002000122,test122
400010002000123,test123
400010002000124,test124
400010002000125,test125
400010002000126,test126
400010002000127,test127
400010002000128,test128
400010002000129,test129
400010002000130,test130
400010002000131,test131
400010002000132,test132
400010002000133,test133
400010002000134,test134
400010002000135,test135
400010002000136,test136
400010002000137,test137
400010002000138,test138
400010002000139,test139
400010002000140,test140
400010002000141,test141
400010002000142,test142
400010002000143,test143
400010002000144,test144
400010002000145,test145
400010002000146,test146
400010002000147,test147
400010002000148,test148
400010002000149,test149
400010002000150,test150
400010002000151,test151
400010002000152,test152
400010002000153,test153
400010002000154,test154
400010002000155,test155
400010002000156,test156
400010002000157,test157
400010002000158,test158
400010002000159,test159
400010002000160,test160
400010002000161,test161
400010002000162,test162
400010002000163,test163
400010002000164,test164
400010002000165,test165
400010002000166,test166
400010002000167,test167
400010002000168,test168
400010002000169,test169
400010002000170,test170
400010002000171,test171
400010002000172,test172
400010002000173,test173
400010002000174,test174
400010002000175,test175
400010002000176,test176
400010002000177,test177
400010002000178,test178
400010002000179,test179
400010002000180,test180
400010002000181,test181
400010002000182,test182
400010002000183,test183
400010002000184,test184
400010002000185,test185
400010002000186,test186
400010002000187,test187
400010002000188,test188
400010002000189,test189
400010002000190,test190
400010002000191,test191
400010002000192,test192
400010002000193,test193
400010002000194,test194
400010002000195,test195
400010002000196,test196
400010002000197,test197
400010002000198,test198
400010002000199,test199
400010002000200,test200
400010002000201,test201
400010002000202,test202
400010002000203,test203
400010002000204,test204
400010002000205,test205
400010002000206,test206
400010002000207,test207
400010002000208,test208
400010002000209,test209
400010002000210,test210
400010002000211,test211
400010002000212,test212
400010002000213,test213
400010002000214,test214
400010002000215,test215
400010002000216,test216
400010002000217,test217
400010002000218,test218
400010002000219,test219
400010002000220,test220
400010002000221,test221
400010002000222,test222
400010002000223,test223
400010002000224,test224
400010002000225,test225
400010002000226,test226
400010002000227,test227
400010002000228,test228
400010002000229,test229
400010002000230,test230
400010002000231,test231
400010002000232,test232
400010002000233,test233
400010002000234,test234
400010002000235,test235
400010002000236,test236
400010002000237,test237
400010002000238,test238
400010002000239,test239
400010002000240,test240
400010002000241,test241
400010002000242,test242
400010002000243,test243
400010002000244,test244
400010002000245,test245
400010002000246,test246
400010002000247,test247
400010002000248,test248
400010002000249,test249
400010002000250,test250
400010002000251,test251
400010002000252,test252
400010002000253,test253
400010002000254,test254
400010002000255,test255
400010002000256,test256
400010002000257,test257
400010002000258,test258
400010002000259,test259
400010002000260,test260
400010002000261,test261
400010002000262,test262
400010002000263,test263
400010002000264,test264
400010002000265,test265
400010002000266,test266
400010002000267,test267
400010002000268,test268
400010002000269,test269
400010002000270,test270
400010002000271,test271
400010002000272,test272
400010002000273,test273
400010002000274,test274
400010002000275,test275
400010002000276,test276
400010002000277,test277
400010002000278,test278
400010002000279,test279
400010002000280,test280
400010002000281,test281
400010002000282,test282
400010002000283,test283
400010002000284,test284
400010002000285,test285
400010002000286,test286
400010002000287,test287
400010002000288,test288
400010002000289,test289
400010002000290,test290
400010002000291,test291
400010002000292,test292
400010002000293,test293
400010002000294,test294
400010002000295,test295
400010002000296,test296
400010002000297,test297
400010002000298,test298
400010002000299,test299
400010002000300,test300
400010002000301,test301
400010002000302,test302
400010002000303,test303
400010002000304,test304
400010002000305,test305
400010002000306,test306
400010002000307,test307
400010002000308,test308
400010002000309,test309
400010002000310,test310
400010002000311,test311
400010002000312,test312
400010002000313,test313
400010002000314,test314
400010002000315,test315
400010002000316,test316
400010002000317,test317
400010002000318,test318
400010002000319,test319
400010002000320,test320
400010002000321,test321
400010002000322,test322
400010002000323,test323
400010002000324,test324
400010002000325,test325
400010002000326,test326
400010002000327,test327
400010002000328,test328
400010002000329,test329
400010002000330,test330
400010002000331,test331
400010002000332,test332
400010002000333,test333
400010002000334,test334
400010002000335,test335
400010002000336,test336
400010002000337,test337
400010002000338,test338
400010002000339,test339
400010002000340,test340
400010002000341,test341
400010002000342,test342
400010002000343,test343
400010002000344,test344
400010002000345,test345
400010002000346,test346
400010002000347,test347
400010002000348,test348
400010002000349,test349
400010002000350,test350
400010002000351,test351
400010002000352,test352
400010002000353,test353
400010002000354,test354
400010002000355,test355
400010002000356,test356
400010002000357,test357
400010002000358,test358
400010002000359,test359
400010002000360,test360
400010002000361,test361
400010002000362,test362
400010002000363,test363
400010002000364,test364
400010002000365,test365
400010002000366,test366
400010002000367,test367
400010002000368,test368
400010002000369,test369
400010002000370,test370
400010002000371,test371
400010002000372,test372
400010002000373,test373
400010002000374,test374
400010002000375,test375
400010002000376,test376
400010002000377,test377
400010002000378,test378
400010002000379,test379
400010002000380,test380
400010002000381,test381
400010002000382,test382
400010002000383,test383
400010002000384,test384
400010002000385,test385
400010002000386,test386
400010002000387,test387
400010002000388,test388
400010002000389,test389
400010002000390,test390
400010002000391,test391
400010002000392,test392
400010002000393,test393
400010002000394,test394
400010002000395,test395
400010002000396,test396
400010002000397,test397
400010002000398,test398
400010002000399,test399
400010002000400,test400
400010002000401,test401
400010002000402,test402
400010002000403,test403
400010002000404,test404
400010002000405,test405
400010002000406,test406
400010002000407,test407
400010002000408,test408
400010002000409,test409
400010002000410,test410
400010002000411,test411
400010002000412,test412
400010002000413,test413
400010002000414,test414
400010002000415,test415
400010002000416,test416
400010002000417,test417
400010002000418,test418
400010002000419,test419
400010002000420,test420
400010002000421,test421
400010002000422,test422
400010002000423,test423
400010002000424,test424
400010002000425,test425
400010002000426,test426
400010002000427,test427
400010002000428,test428
400010002000429,test429
400010002000430,test430
400010002000431,test431
400010002000432,test432
400010002000433,test433
400010002000434,test434
400010002000435,test435
400010002000436,test436
400010002000437,test437
400010002000438,test438
400010002000439,test439
400010002000440,test440
400010002000441,test441
400010002000442,test442
400010002000443,test443
400010002000444,test444
400010002000445,test445
400010002000446,test446
400010002000447,test447
400010002000448,test448
400010002000449,test449
400010002000450,test450
400010002000451,test451
400010002000452,test452
400010002000453,test453
400010002000454,test454
400010002000455,test455
400010002000456,test456
400010002000457,test457
400010002000458,test458
400010002000459,test459
400010002000460,test460
400010002000461,test461
400010002000462,test462
400010002000463,test463
400010002000464,test464
400010002000465,test465
400010002000466,test466
400010002000467,test467
400010002000468,test468
400010002000469,test469
400010002000470,test470
400010002000471,test471
400010002000472,test472
400010002000473,test473
400010002000474,test474
400010002000475,test475
400010002000476,test476
400010002000477,test477
400010002000478,test478
400010002000479,test479
400010002000480,test480
400010002000481,test481
400010002000482,test482
400010002000483,test483
400010002000484,test484
400010002000485,test485
400010002000486,test486
400010002000487,test487
400010002000488,test488
400010002000489,test489
400010002000490,test490
400010002000491,test491
400010002000492,test492
400010002000493,test493
400010002000494,test494
400010002000495,test495
400010002000496,test496
400010002000497,test497
400010002000498,test498
400010002000499,test499
400010002000500,test500
400010002000501,test501
400010002000502,test502
400010002000503,test503
400010002000504,test504
400010002000505,test505
400010002000506,test506
400010002000507,test507
400010002000508,test508
400010002000509,test509
400010002000510,test510
400010002000511,test511
400010002000512,test512
400010002000513,test513
400010002000514,test514
400010002000515,test515
400010002000516,test516
400010002000517,test517
400010002000518,test518
400010002000519,test519
400010002000520,test520
400010002000521,test521
400010002000522,test522
400010002000523,test523
400010002000524,test524
400010002000525,test525
400010002000526,test526
400010002000527,test527
400010002000528,test528
400010002000529,test529
400010002000530,test530
400010002000531,test531
400010002000532,test532
400010002000533,test533
400010002000534,test534
400010002000535,test535
400010002000536,test536
400010002000537,test537
400010002000538,test538
400010002000539,test539
400010002000540,test540
400010002000541,test541
400010002000542,test542
400010002000543,test543
400010002000544,test544
400010002000545,test545
400010002000546,test546
400010002000547,test547
400010002000548,test548
400010002000549,test549
400010002000550,test550
400010002000551,test551
400010002000552,test552
400010002000553,test553
400010002000554,test554
400010002000555,test555
400010002000556,test556
400010002000557,test557
400010002000558,test558
400010002000559,test559
400010002000560,test560
400010002000561,test561
400010002000562,test562
400010002000563,test563
400010002000564,test564
400010002000565,test565
400010002000566,test566
400010002000567,test567
400010002000568,test568
400010002000569,test569
400010002000570,test570
400010002000571,test571
400010002000572,test572
400010002000573,test573
400010002000574,test574
400010002000575,test575
400010002000576,test576
400010002000577,test577
400010002000578,test578
400010002000579,test579
400010002000580,test580
400010002000581,test581
400010002000582,test582
400010002000583,test583
400010002000584,test584
400010002000585,test585
400010002000586,test586
400010002000587,test587
400010002000588,test588
400010002000589,test589
400010002000590,test590
400010002000591,test591
400010002000592,test592
400010002000593,test593
400010002000594,test594
400010002000595,test595
400010002000596,test596
400010002000597,test597
400010002000598,test598
400010002000599,test599
400010002000600,test600
400010002000601,test601
400010002000602,test602
400010002000603,test603
400010002000604,test604
400010002000605,test605
400010002000606,test606
400010002000607,test607
400010002000608,test608
400010002000609,test609
400010002000610,test610
400010002000611,test611
400010002000612,test612
400010002000613,test613
400010002000614,test614
400010002000615,test615
400010002000616,test616
400010002000617,test617
400010002000618,test618
400010002000619,test619
400010002000620,test620
400010002000621,test621
400010002000622,test622
400010002000623,test623
400010002000624,test624
400010002000625,test625
400010002000626,test626
400010002000627,test627
400010002000628,test628
400010002000629,test629
400010002000630,test630
400010002000631,test631
400010002000632,test632
400010002000633,test633
400010002000634,test634
400010002000635,test635
400010002000636,test636
400010002000637,test637
400010002000638,test638
400010002000639,test639
400010002000640,test640
400010002000641,test641
400010002000642,test642
400010002000643,test643
400010002000644,test644
400010002000645,test645
400010002000646,test646
400010002000647,test647
400010002000648,test648
400010002000649,test649
400010002000650,test650
400010002000651,test651
400010002000652,test652
400010002000653,test653
400010002000654,test654
400010002000655,test655
400010002000656,test656
400010002000657,test657
400010002000658,test658
400010002000659,test659
400010002000660,test660
400010002000661,test661
400010002000662,test662
400010002000663,test663
400010002000664,test664
400010002000665,test665
400010002000666,test666
400010002000667,test667
400010002000668,test668
400010002000669,test669
400010002000670,test670
400010002000671,test671
400010002000672,test672
400010002000673,test673
400010002000674,test674
400010002000675,test675
400010002000676,test676
400010002000677,test677
400010002000678,test678
400010002000679,test679
400010002000680,test680
400010002000681,test681
400010002000682,test682
400010002000683,test683
400010002000684,test684
400010002000685,test685
400010002000686,test686
400010002000687,test687
400010002000688,test688
400010002000689,test689
400010002000690,test690
400010002000691,test691
400010002000692,test692
400010002000693,test693
400010002000694,test694
400010002000695,test695
400010002000696,test696
400010002000697,test697
400010002000698,test698
400010002000699,test699
400010002000700,test700
400010002000701,test701
400010002000702,test702
400010002000703,test703
400010002000704,test704
400010002000705,test705
400010002000706,test706
400010002000707,test707
400010002000708,test708
400010002000709,test709
400010002000710,test710
400010002000711,test711
400010002000712,test712
400010002000713,test713
400010002000714,test714
400010002000715,test715
400010002000716,test716
400010002000717,test717
400010002000718,test718
400010002000719,test719
400010002000720,test720
400010002000721,test721
400010002000722,test722
400010002000723,test723
400010002000724,test724
400010002000725,test725
400010002000726,test726
400010002000727,test727
400010002000728,test728
400010002000729,test729
400010002000730,test730
400010002000731,test731
400010002000732,test732
400010002000733,test733
400010002000734,test734
400010002000735,test735
400010002000736,test736
400010002000737,test737
400010002000738,test738
400010002000739,test739
400010002000740,test740
400010002000741,test741
400010002000742,test742
400010002000743,test743
400010002000744,test744
400010002000745,test745
400010002000746,test746
400010002000747,test747
400010002000748,test748
400010002000749,test749
400010002000750,test750
400010002000751,test751
400010002000752,test752
400010002000753,test753
400010002000754,test754
400010002000755,test755
400010002000756,test756
400010002000757,test757
400010002000758,test758
400010002000759,test759
400010002000760,test760
400010002000761,test761
400010002000762,test762
400010002000763,test763
400010002000764,test764
400010002000765,test765
400010002000766,test766
400010002000767,test767
400010002000768,test768
400010002000769,test769
400010002000770,test770
400010002000771,test771
400010002000772,test772
400010002000773,test773
400010002000774,test774
400010002000775,test775
400010002000776,test776
400010002000777,test777
400010002000778,test778
400010002000779,test779
400010002000780,test780
400010002000781,test781
400010002000782,test782
400010002000783,test783
400010002000784,test784
400010002000785,test785
400010002000786,test786
400010002000787,test787
400010002000788,test788
400010002000789,test789
400010002000790,test790
400010002000791,test791
400010002000792,test792
400010002000793,test793
400010002000794,test794
400010002000795,test795
400010002000796,test796
400010002000797,test797
400010002000798,test798
400010002000799,test799
400010002000800,test800
400010002000801,test801
400010002000802,test802
400010002000803,test803
400010002000804,test804
400010002000805,test805
400010002000806,test806
400010002000807,test807
400010002000808,test808
400010002000809,test809
400010002000810,test810
400010002000811,test811
400010002000812,test812
400010002000813,test813
400010002000814,test814
400010002000815,test815
400010002000816,test816
400010002000817,test817
400010002000818,test818
400010002000819,test819
400010002000820,test820
400010002000821,test821
400010002000822,test822
400010002000823,test823
400010002000824,test824
400010002000825,test825
400010002000826,test826
400010002000827,test827
400010002000828,test828
400010002000829,test829
400010002000830,test830
400010002000831,test831
400010002000832,test832
400010002000833,test833
400010002000834,test834
400010002000835,test835
400010002000836,test836
400010002000837,test837
400010002000838,test838
400010002000839,test839
400010002000840,test840
400010002000841,test841
400010002000842,test842
400010002000843,test843
400010002000844,test844
400010002000845,test845
400010002000846,test846
400010002000847,test847
400010002000848,test848
400010002000849,test849
400010002000850,test850
400010002000851,test851
400010002000852,test852
400010002000853,test853
400010002000854,test854
400010002000855,test855
400010002000856,test856
400010002000857,test857
400010002000858,test858
400010002000859,test859
400010002000860,test860
400010002000861,test861
400010002000862,test862
400010002000863,test863
400010002000864,test864
400010002000865,test865
400010002000866,test866
400010002000867,test867
400010002000868,test868
400010002000869,test869
400010002000870,test870
400010002000871,test871
400010002000872,test872
400010002000873,test873
400010002000874,test874
400010002000875,test875
400010002000876,test876
400010002000877,test877
400010002000878,test878
400010002000879,test879
400010002000880,test880
400010002000881,test881
400010002000882,test882
400010002000883,test883
400010002000884,test884
400010002000885,test885
400010002000886,test886
400010002000887,test887
400010002000888,test888
400010002000889,test889
400010002000890,test890
400010002000891,test891
400010002000892,test892
400010002000893,test893
400010002000894,test894
400010002000895,test895
400010002000896,test896
400010002000897,test897
400010002000898,test898
400010002000899,test899
400010002000900,test900
400010002000901,test901
400010002000902,test902
400010002000903,test903
400010002000904,test904
400010002000905,test905
400010002000906,test906
400010002000907,test907
400010002000908,test908
400010002000909,test909
400010002000910,test910
400010002000911,test911
400010002000912,test912
400010002000913,test913
400010002000914,test914
400010002000915,test915
400010002000916,test916
400010002000917,test917
400010002000918,test918
400010002000919,test919
400010002000920,test920
400010002000921,test921
400010002000922,test922
400010002000923,test923
400010002000924,test924
400010002000925,test925
400010002000926,test926
400010002000927,test927
400010002000928,test928
400010002000929,test929
400010002000930,test930
400010002000931,test931
400010002000932,test932
400010002000933,test933
400010002000934,test934
400010002000935,test935
400010002000936,test936
400010002000937,test937
400010002000938,test938
400010002000939,test939
400010002000940,test940
400010002000941,test941
400010002000942,test942
400010002000943,test943
400010002000944,test944
400010002000945,test945
400010002000946,test946
400010002000947,test947
400010002000948,test948
400010002000949,test949
400010002000950,test950
400010002000951,test951
400010002000952,test952
400010002000953,test953
400010002000954,test954
400010002000955,test955
400010002000956,test956
400010002000957,test957
400010002000958,test958
400010002000959,test959
400010002000960,test960
400010002000961,test961
400010002000962,test962
400010002000963,test963
400010002000964,test964
400010002000965,test965
400010002000966,test966
400010002000967,test967
400010002000968,test968
400010002000969,test969
400010002000970,test970
400010002000971,test971
400010002000972,test972
400010002000973,test973
400010002000974,test974
400010002000975,test975
400010002000976,test976
400010002000977,test977
400010002000978,test978
400010002000979,test979
400010002000980,test980
400010002000981,test981
400010002000982,test982
400010002000983,test983
400010002000984,test984
400010002000985,test985
400010002000986,test986
400010002000987,test987
400010002000988,test988
400010002000989,test989
400010002000990,test990
400010002000991,test991
400010002000992,test992
400010002000993,test993
400010002000994,test994
400010002000995,test995
400010002000996,test996
400010002000997,test997
400010002000998,test998
400010002000999,test999
400010002001000,test1000
