4001,2018-05-29,2018-05-27,722.90,400010002000270
4002,2018-05-29,2018-05-27,730.64,400010002000575
4003,2018-05-29,2018-05-27,394.15,400010002000538
4004,2018-05-29,2018-05-27,294.97,400010002000759
4005,2018-05-29,2018-05-27,880.77,400010002000575
4006,2018-05-29,2018-05-27,556.09,400010002000375
4007,2018-05-29,2018-05-27,705.43,400010002000036
4008,2018-05-29,2018-05-27,131.10,400010002000033
4009,2018-05-29,2018-05-27,333.44,400010002000375
4010,2018-05-29,2018-05-27,911.39,400010002000153
4011,2018-05-29,2018-05-27,394.51,400010002000928
4012,2018-05-29,2018-05-27,516.42,400010002000438
4013,2018-05-29,2018-05-27,237.04,400010002000871
4014,2018-05-29,2018-05-27,356.37,400010002000620
4015,2018-05-29,2018-05-27,925.20,400010002000542
4016,2018-05-29,2018-05-27,642.94,400010002000271
4017,2018-05-29,2018-05-27,286.63,400010002000313
4018,2018-05-29,2018-05-27,888.12,400010002000970
4019,2018-05-29,2018-05-27,771.40,400010002000803
4020,2018-05-29,2018-05-27,787.08,400010002000079
4021,2018-05-29,2018-05-27,692.89,400010002000713
4022,2018-05-29,2018-05-27,893.96,400010002000692
4023,2018-05-29,2018-05-27,886.80,400010002000988
4024,2018-05-29,2018-05-27,168.41,400010002000067
4025,2018-05-29,2018-05-27,946.60,400010002000324
4026,2018-05-29,2018-05-27,295.78,400010002000985
4027,2018-05-29,2018-05-27,972.23,400010002000263
4028,2018-05-29,2018-05-27,665.55,400010002000063
4029,2018-05-29,2018-05-27,203.12,400010002000239
4030,2018-05-29,2018-05-27,29.94,400010002000958
4031,2018-05-29,2018-05-27,997.76,400010002000997
4032,2018-05-29,2018-05-27,158.90,400010002000815
4033,2018-05-29,2018-05-27,368.84,400010002000725
4034,2018-05-29,2018-05-27,257.65,400010002000040
4035,2018-05-29,2018-05-27,686.49,400010002000092
4036,2018-05-29,2018-05-27,519.61,400010002000685
4037,2018-05-29,2018-05-27,221.60,400010002000166
4038,2018-05-29,2018-05-27,949.98,400010002000288
4039,2018-05-29,2018-05-27,917.10,400010002000805
4040,2018-05-29,2018-05-27,514.44,400010002000038
4041,2018-05-29,2018-05-27,147.12,400010002000714
4042,2018-05-29,2018-05-27,742.41,400010002000489
4043,2018-05-29,2018-05-27,252.21,400010002000822
4044,2018-05-29,2018-05-27,145.97,400010002000872
4045,2018-05-29,2018-05-27,323.53,400010002000015
4046,2018-05-29,2018-05-27,203.07,400010002000269
4047,2018-05-29,2018-05-27,49.56,400010002000548
4048,2018-05-29,2018-05-27,197.64,400010002000495
4049,2018-05-29,2018-05-27,436.00,400010002000638
4050,2018-05-29,2018-05-27,909.53,400010002000604
4051,2018-05-29,2018-05-27,863.06,400010002000874
4052,2018-05-29,2018-05-27,3.35,400010002000298
4053,2018-05-29,2018-05-27,253.43,400010002000040
4054,2018-05-29,2018-05-27,978.48,400010002000427
4055,2018-05-29,2018-05-27,90.69,400010002000890
4056,2018-05-29,2018-05-27,710.87,400010002000925
4057,2018-05-29,2018-05-27,649.33,400010002000216
4058,2018-05-29,2018-05-27,942.89,400010002000250
4059,2018-05-29,2018-05-27,76.38,400010002000292
4060,2018-05-29,2018-05-27,558.83,400010002000388
4061,2018-05-29,2018-05-27,898.92,400010002000367
4062,2018-05-29,2018-05-27,121.13,400010002000975
4063,2018-05-29,2018-05-27,122.74,400010002000475
4064,2018-05-29,2018-05-27,936.73,400010002000936
4065,2018-05-29,2018-05-27,334.35,400010002000216
4066,2018-05-29,2018-05-27,872.73,400010002000327
4067,2018-05-29,2018-05-27,121.90,400010002000542
4068,2018-05-29,2018-05-27,247.44,400010002000719
4069,2018-05-29,2018-05-27,690.28,400010002000837
4070,2018-05-29,2018-05-27,385.09,400010002000577
4071,2018-05-29,2018-05-27,761.24,400010002000718
4072,2018-05-29,2018-05-27,841.86,400010002000548
4073,2018-05-29,2018-05-27,721.65,400010002000091
4074,2018-05-29,2018-05-27,885.86,400010002000484
4075,2018-05-29,2018-05-27,511.26,400010002000914
4076,2018-05-29,2018-05-27,545.12,400010002000318
4077,2018-05-29,2018-05-27,925.82,400010002000062
4078,2018-05-29,2018-05-27,425.45,400010002000634
4079,2018-05-29,2018-05-27,852.45,400010002000422
4080,2018-05-29,2018-05-27,543.97,400010002000867
4081,2018-05-29,2018-05-27,450.98,400010002000074
4082,2018-05-29,2018-05-27,624.15,400010002000599
4083,2018-05-29,2018-05-27,448.34,400010002000986
4084,2018-05-29,2018-05-27,654.85,400010002000351
4085,2018-05-29,2018-05-27,523.00,400010002000181
4086,2018-05-29,2018-05-27,28.48,400010002000589
4087,2018-05-29,2018-05-27,221.59,400010002000729
4088,2018-05-29,2018-05-27,242.15,400010002000413
4089,2018-05-29,2018-05-27,972.67,400010002000226
4090,2018-05-29,2018-05-27,971.28,400010002000533
4091,2018-05-29,2018-05-27,540.34,400010002000683
4092,2018-05-29,2018-05-27,306.18,400010002000709
4093,2018-05-29,2018-05-27,695.33,400010002000830
4094,2018-05-29,2018-05-27,80.01,400010002000751
4095,2018-05-29,2018-05-27,971.74,400010002000905
4096,2018-05-29,2018-05-27,510.50,400010002000589
4097,2018-05-29,2018-05-27,125.02,400010002000945
4098,2018-05-29,2018-05-27,827.85,400010002000652
4099,2018-05-29,2018-05-27,309.65,400010002000416
4100,2018-05-29,2018-05-27,167.92,400010002000985
4101,2018-05-29,2018-05-27,55.08,400010002000809
4102,2018-05-29,2018-05-27,772.15,400010002000136
4103,2018-05-29,2018-05-27,833.69,400010002000458
4104,2018-05-29,2018-05-27,455.00,400010002000797
4105,2018-05-29,2018-05-27,387.32,400010002000431
4106,2018-05-29,2018-05-27,374.67,400010002000614
4107,2018-05-29,2018-05-27,6.50,400010002000798
4108,2018-05-29,2018-05-27,374.22,400010002000350
4109,2018-05-29,2018-05-27,641.72,400010002000968
4110,2018-05-29,2018-05-27,548.25,400010002000834
4111,2018-05-29,2018-05-27,66.41,400010002000079
4112,2018-05-29,2018-05-27,233.72,400010002000694
4113,2018-05-29,2018-05-27,308.74,400010002000604
4114,2018-05-29,2018-05-27,324.37,400010002000934
4115,2018-05-29,2018-05-27,222.40,400010002000444
4116,2018-05-29,2018-05-27,663.85,400010002000822
4117,2018-05-29,2018-05-27,376.23,400010002000792
4118,2018-05-29,2018-05-27,286.15,400010002000391
4119,2018-05-29,2018-05-27,408.44,400010002000929
4120,2018-05-29,2018-05-27,440.24,400010002000096
4121,2018-05-29,2018-05-27,612.99,400010002000984
4122,2018-05-29,2018-05-27,661.35,400010002000811
4123,2018-05-29,2018-05-27,804.34,400010002000360
4124,2018-05-29,2018-05-27,632.81,400010002000427
4125,2018-05-29,2018-05-27,441.07,400010002000195
4126,2018-05-29,2018-05-27,219.78,400010002000710
4127,2018-05-29,2018-05-27,579.93,400010002000746
4128,2018-05-29,2018-05-27,850.37,400010002000026
4129,2018-05-29,2018-05-27,478.71,400010002000029
4130,2018-05-29,2018-05-27,369.91,400010002000731
4131,2018-05-29,2018-05-27,569.82,400010002000402
4132,2018-05-29,2018-05-27,600.20,400010002000756
4133,2018-05-29,2018-05-27,86.06,400010002000023
4134,2018-05-29,2018-05-27,98.88,400010002000971
4135,2018-05-29,2018-05-27,835.59,400010002000291
4136,2018-05-29,2018-05-27,32.24,400010002000407
4137,2018-05-29,2018-05-27,495.69,400010002000424
4138,2018-05-29,2018-05-27,650.73,400010002000330
4139,2018-05-29,2018-05-27,322.60,400010002000327
4140,2018-05-29,2018-05-27,587.39,400010002000422
4141,2018-05-29,2018-05-27,359.91,400010002000761
4142,2018-05-29,2018-05-27,87.19,400010002000077
4143,2018-05-29,2018-05-27,68.31,400010002000622
4144,2018-05-29,2018-05-27,319.49,400010002000899
4145,2018-05-29,2018-05-27,796.88,400010002000830
4146,2018-05-29,2018-05-27,125.64,400010002000039
4147,2018-05-29,2018-05-27,669.25,400010002000921
4148,2018-05-29,2018-05-27,910.43,400010002000900
4149,2018-05-29,2018-05-27,267.66,400010002000948
4150,2018-05-29,2018-05-27,898.79,400010002000111
4151,2018-05-29,2018-05-27,963.62,400010002000704
4152,2018-05-29,2018-05-27,647.96,400010002000379
4153,2018-05-29,2018-05-27,866.12,400010002000594
4154,2018-05-29,2018-05-27,530.58,400010002000988
4155,2018-05-29,2018-05-27,136.52,400010002000710
4156,2018-05-29,2018-05-27,885.79,400010002000273
4157,2018-05-29,2018-05-27,853.81,400010002000801
4158,2018-05-29,2018-05-27,672.78,400010002000319
4159,2018-05-29,2018-05-27,704.95,400010002000847
4160,2018-05-29,2018-05-27,755.45,400010002000565
4161,2018-05-29,2018-05-27,521.76,400010002000909
4162,2018-05-29,2018-05-27,396.96,400010002000686
4163,2018-05-29,2018-05-27,89.45,400010002000754
4164,2018-05-29,2018-05-27,149.37,400010002000363
4165,2018-05-29,2018-05-27,711.28,400010002000543
4166,2018-05-29,2018-05-27,86.21,400010002000107
4167,2018-05-29,2018-05-27,729.61,400010002000479
4168,2018-05-29,2018-05-27,244.93,400010002000294
4169,2018-05-29,2018-05-27,575.89,400010002000936
4170,2018-05-29,2018-05-27,221.23,400010002000966
4171,2018-05-29,2018-05-27,950.26,400010002000024
4172,2018-05-29,2018-05-27,88.74,400010002000769
4173,2018-05-29,2018-05-27,416.11,400010002000942
4174,2018-05-29,2018-05-27,205.31,400010002000564
4175,2018-05-29,2018-05-27,35.59,400010002000749
4176,2018-05-29,2018-05-27,10.93,400010002000926
4177,2018-05-29,2018-05-27,669.54,400010002000382
4178,2018-05-29,2018-05-27,622.73,400010002000704
4179,2018-05-29,2018-05-27,218.05,400010002000856
4180,2018-05-29,2018-05-27,888.76,400010002000282
4181,2018-05-29,2018-05-27,387.96,400010002000552
4182,2018-05-29,2018-05-27,575.03,400010002000997
4183,2018-05-29,2018-05-27,539.15,400010002000463
4184,2018-05-29,2018-05-27,529.26,400010002000415
4185,2018-05-29,2018-05-27,783.56,400010002000034
4186,2018-05-29,2018-05-27,989.87,400010002000804
4187,2018-05-29,2018-05-27,789.24,400010002000991
4188,2018-05-29,2018-05-27,690.36,400010002000212
4189,2018-05-29,2018-05-27,676.43,400010002000163
4190,2018-05-29,2018-05-27,46.78,400010002000993
4191,2018-05-29,2018-05-27,983.15,400010002000854
4192,2018-05-29,2018-05-27,509.98,400010002000502
4193,2018-05-29,2018-05-27,925.24,400010002000751
4194,2018-05-29,2018-05-27,114.53,400010002000951
4195,2018-05-29,2018-05-27,78.86,400010002000701
4196,2018-05-29,2018-05-27,362.72,400010002000097
4197,2018-05-29,2018-05-27,173.11,400010002000962
4198,2018-05-29,2018-05-27,844.53,400010002000496
4199,2018-05-29,2018-05-27,896.20,400010002000680
4200,2018-05-29,2018-05-27,413.66,400010002000573
4201,2018-05-29,2018-05-27,490.84,400010002000411
4202,2018-05-29,2018-05-27,314.80,400010002000645
4203,2018-05-29,2018-05-27,442.54,400010002000486
4204,2018-05-29,2018-05-27,388.67,400010002000315
4205,2018-05-29,2018-05-27,749.40,400010002000894
4206,2018-05-29,2018-05-27,369.16,400010002000401
4207,2018-05-29,2018-05-27,102.59,400010002000155
4208,2018-05-29,2018-05-27,330.96,400010002000646
4209,2018-05-29,2018-05-27,803.79,400010002000320
4210,2018-05-29,2018-05-27,545.95,400010002000984
4211,2018-05-29,2018-05-27,399.32,400010002000865
4212,2018-05-29,2018-05-27,363.32,400010002000081
4213,2018-05-29,2018-05-27,820.20,400010002000738
4214,2018-05-29,2018-05-27,241.08,400010002000178
4215,2018-05-29,2018-05-27,282.98,400010002000216
4216,2018-05-29,2018-05-27,725.44,400010002000010
4217,2018-05-29,2018-05-27,328.71,400010002000569
4218,2018-05-29,2018-05-27,999.70,400010002000738
4219,2018-05-29,2018-05-27,155.28,400010002000740
4220,2018-05-29,2018-05-27,606.11,400010002000354
4221,2018-05-29,2018-05-27,833.25,400010002000382
4222,2018-05-29,2018-05-27,81.17,400010002000004
4223,2018-05-29,2018-05-27,85.86,400010002000618
4224,2018-05-29,2018-05-27,539.63,400010002000010
4225,2018-05-29,2018-05-27,61.22,400010002000861
4226,2018-05-29,2018-05-27,691.81,400010002000178
4227,2018-05-29,2018-05-27,927.86,400010002000848
4228,2018-05-29,2018-05-27,386.01,400010002000118
4229,2018-05-29,2018-05-27,184.38,400010002000807
4230,2018-05-29,2018-05-27,529.95,400010002000917
4231,2018-05-29,2018-05-27,289.85,400010002000359
4232,2018-05-29,2018-05-27,164.50,400010002000468
4233,2018-05-29,2018-05-27,593.52,400010002000283
4234,2018-05-29,2018-05-27,537.86,400010002000181
4235,2018-05-29,2018-05-27,571.03,400010002000790
4236,2018-05-29,2018-05-27,260.05,400010002000578
4237,2018-05-29,2018-05-27,58.45,400010002000287
4238,2018-05-29,2018-05-27,5.05,400010002000500
4239,2018-05-29,2018-05-27,516.71,400010002000946
4240,2018-05-29,2018-05-27,772.07,400010002000261
4241,2018-05-29,2018-05-27,355.76,400010002000541
4242,2018-05-29,2018-05-27,417.44,400010002000103
4243,2018-05-29,2018-05-27,1.24,400010002000148
4244,2018-05-29,2018-05-27,25.18,400010002000732
4245,2018-05-29,2018-05-27,696.10,400010002000282
4246,2018-05-29,2018-05-27,697.01,400010002000566
4247,2018-05-29,2018-05-27,995.20,400010002000983
4248,2018-05-29,2018-05-27,511.39,400010002000531
4249,2018-05-29,2018-05-27,533.17,400010002000150
4250,2018-05-29,2018-05-27,726.46,400010002000920
4251,2018-05-29,2018-05-27,924.13,400010002000178
4252,2018-05-29,2018-05-27,783.29,400010002000854
4253,2018-05-29,2018-05-27,586.33,400010002000549
4254,2018-05-29,2018-05-27,303.28,400010002000380
4255,2018-05-29,2018-05-27,875.64,400010002000596
4256,2018-05-29,2018-05-27,67.76,400010002000049
4257,2018-05-29,2018-05-27,159.00,400010002000084
4258,2018-05-29,2018-05-27,917.92,400010002000141
4259,2018-05-29,2018-05-27,362.01,400010002000589
4260,2018-05-29,2018-05-27,619.66,400010002000362
4261,2018-05-29,2018-05-27,84.75,400010002000951
4262,2018-05-29,2018-05-27,1000.55,400010002000892
4263,2018-05-29,2018-05-27,595.33,400010002000190
4264,2018-05-29,2018-05-27,85.25,400010002000216
4265,2018-05-29,2018-05-27,883.21,400010002000377
4266,2018-05-29,2018-05-27,530.81,400010002000993
4267,2018-05-29,2018-05-27,482.15,400010002000901
4268,2018-05-29,2018-05-27,394.57,400010002000578
4269,2018-05-29,2018-05-27,957.74,400010002000484
4270,2018-05-29,2018-05-27,155.36,400010002000487
4271,2018-05-29,2018-05-27,794.72,400010002000038
4272,2018-05-29,2018-05-27,952.53,400010002000217
4273,2018-05-29,2018-05-27,916.98,400010002000190
4274,2018-05-29,2018-05-27,207.38,400010002000364
4275,2018-05-29,2018-05-27,225.84,400010002000892
4276,2018-05-29,2018-05-27,148.23,400010002000895
4277,2018-05-29,2018-05-27,352.28,400010002000003
4278,2018-05-29,2018-05-27,272.97,400010002000763
4279,2018-05-29,2018-05-27,284.33,400010002000196
4280,2018-05-29,2018-05-27,451.88,400010002000811
4281,2018-05-29,2018-05-27,652.97,400010002000827
4282,2018-05-29,2018-05-27,198.64,400010002000032
4283,2018-05-29,2018-05-27,238.21,400010002000615
4284,2018-05-29,2018-05-27,619.05,400010002000823
4285,2018-05-29,2018-05-27,691.65,400010002000151
4286,2018-05-29,2018-05-27,684.56,400010002000822
4287,2018-05-29,2018-05-27,562.52,400010002000266
4288,2018-05-29,2018-05-27,771.62,400010002000272
4289,2018-05-29,2018-05-27,461.37,400010002000211
4290,2018-05-29,2018-05-27,858.19,400010002000649
4291,2018-05-29,2018-05-27,598.90,400010002000507
4292,2018-05-29,2018-05-27,375.09,400010002000443
4293,2018-05-29,2018-05-27,996.86,400010002000012
4294,2018-05-29,2018-05-27,472.61,400010002000582
4295,2018-05-29,2018-05-27,383.96,400010002000468
4296,2018-05-29,2018-05-27,381.70,400010002000971
4297,2018-05-29,2018-05-27,161.73,400010002000316
4298,2018-05-29,2018-05-27,624.30,400010002000005
4299,2018-05-29,2018-05-27,853.40,400010002000078
4300,2018-05-29,2018-05-27,58.87,400010002000745
4301,2018-05-29,2018-05-27,133.83,400010002000950
4302,2018-05-29,2018-05-27,134.70,400010002000609
4303,2018-05-29,2018-05-27,878.97,400010002000566
4304,2018-05-29,2018-05-27,272.65,400010002000101
4305,2018-05-29,2018-05-27,670.58,400010002000061
4306,2018-05-29,2018-05-27,990.27,400010002000055
4307,2018-05-29,2018-05-27,845.28,400010002000680
4308,2018-05-29,2018-05-27,245.43,400010002000368
4309,2018-05-29,2018-05-27,486.48,400010002000170
4310,2018-05-29,2018-05-27,485.45,400010002000970
4311,2018-05-29,2018-05-27,723.54,400010002000111
4312,2018-05-29,2018-05-27,57.77,400010002000054
4313,2018-05-29,2018-05-27,324.81,400010002000151
4314,2018-05-29,2018-05-27,963.09,400010002000218
4315,2018-05-29,2018-05-27,849.14,400010002000858
4316,2018-05-29,2018-05-27,413.64,400010002000233
4317,2018-05-29,2018-05-27,555.43,400010002000481
4318,2018-05-29,2018-05-27,296.87,400010002000602
4319,2018-05-29,2018-05-27,860.25,400010002000524
4320,2018-05-29,2018-05-27,438.64,400010002000932
4321,2018-05-29,2018-05-27,380.88,400010002000390
4322,2018-05-29,2018-05-27,510.34,400010002000444
4323,2018-05-29,2018-05-27,504.35,400010002000784
4324,2018-05-29,2018-05-27,530.88,400010002000565
4325,2018-05-29,2018-05-27,982.63,400010002000765
4326,2018-05-29,2018-05-27,176.90,400010002000702
4327,2018-05-29,2018-05-27,269.83,400010002000508
4328,2018-05-29,2018-05-27,533.84,400010002000714
4329,2018-05-29,2018-05-27,189.72,400010002000930
4330,2018-05-29,2018-05-27,495.46,400010002000556
4331,2018-05-29,2018-05-27,49.58,400010002000277
4332,2018-05-29,2018-05-27,750.91,400010002000818
4333,2018-05-29,2018-05-27,501.65,400010002000653
4334,2018-05-29,2018-05-27,186.24,400010002000641
4335,2018-05-29,2018-05-27,293.67,400010002000291
4336,2018-05-29,2018-05-27,571.03,400010002000556
4337,2018-05-29,2018-05-27,547.55,400010002000002
4338,2018-05-29,2018-05-27,601.17,400010002000352
4339,2018-05-29,2018-05-27,358.13,400010002000894
4340,2018-05-29,2018-05-27,725.06,400010002000987
4341,2018-05-29,2018-05-27,313.86,400010002000914
4342,2018-05-29,2018-05-27,693.53,400010002000890
4343,2018-05-29,2018-05-27,6.92,400010002000206
4344,2018-05-29,2018-05-27,442.29,400010002000743
4345,2018-05-29,2018-05-27,722.31,400010002000582
4346,2018-05-29,2018-05-27,741.30,400010002000986
4347,2018-05-29,2018-05-27,273.98,400010002000616
4348,2018-05-29,2018-05-27,26.73,400010002000821
4349,2018-05-29,2018-05-27,390.33,400010002000038
4350,2018-05-29,2018-05-27,968.75,400010002000470
4351,2018-05-29,2018-05-27,142.55,400010002000096
4352,2018-05-29,2018-05-27,622.68,400010002000786
4353,2018-05-29,2018-05-27,656.02,400010002000526
4354,2018-05-29,2018-05-27,460.82,400010002000112
4355,2018-05-29,2018-05-27,748.69,400010002000608
4356,2018-05-29,2018-05-27,189.08,400010002000425
4357,2018-05-29,2018-05-27,199.50,400010002000544
4358,2018-05-29,2018-05-27,14.88,400010002000420
4359,2018-05-29,2018-05-27,66.08,400010002000057
4360,2018-05-29,2018-05-27,952.18,400010002000159
4361,2018-05-29,2018-05-27,842.86,400010002000661
4362,2018-05-29,2018-05-27,824.19,400010002000302
4363,2018-05-29,2018-05-27,279.07,400010002000562
4364,2018-05-29,2018-05-27,856.12,400010002000760
4365,2018-05-29,2018-05-27,360.66,400010002000477
4366,2018-05-29,2018-05-27,137.92,400010002000788
4367,2018-05-29,2018-05-27,301.12,400010002000007
4368,2018-05-29,2018-05-27,780.84,400010002000181
4369,2018-05-29,2018-05-27,383.00,400010002000330
4370,2018-05-29,2018-05-27,291.94,400010002000228
4371,2018-05-29,2018-05-27,145.55,400010002000125
4372,2018-05-29,2018-05-27,547.00,400010002000536
4373,2018-05-29,2018-05-27,723.22,400010002000625
4374,2018-05-29,2018-05-27,755.14,400010002000635
4375,2018-05-29,2018-05-27,105.70,400010002000598
4376,2018-05-29,2018-05-27,977.25,400010002000547
4377,2018-05-29,2018-05-27,712.27,400010002000894
4378,2018-05-29,2018-05-27,85.64,400010002000120
4379,2018-05-29,2018-05-27,951.47,400010002000909
4380,2018-05-29,2018-05-27,533.60,400010002001000
4381,2018-05-29,2018-05-27,371.73,400010002000938
4382,2018-05-29,2018-05-27,941.60,400010002000565
4383,2018-05-29,2018-05-27,599.37,400010002000944
4384,2018-05-29,2018-05-27,300.24,400010002000003
4385,2018-05-29,2018-05-27,507.58,400010002000693
4386,2018-05-29,2018-05-27,540.99,400010002000990
4387,2018-05-29,2018-05-27,963.02,400010002000573
4388,2018-05-29,2018-05-27,331.42,400010002000119
4389,2018-05-29,2018-05-27,56.70,400010002000651
4390,2018-05-29,2018-05-27,214.98,400010002000270
4391,2018-05-29,2018-05-27,941.12,400010002000697
4392,2018-05-29,2018-05-27,633.94,400010002000655
4393,2018-05-29,2018-05-27,268.13,400010002000968
4394,2018-05-29,2018-05-27,949.37,400010002000127
4395,2018-05-29,2018-05-27,750.05,400010002000508
4396,2018-05-29,2018-05-27,303.71,400010002000658
4397,2018-05-29,2018-05-27,551.20,400010002000622
4398,2018-05-29,2018-05-27,58.70,400010002000597
4399,2018-05-29,2018-05-27,57.98,400010002000943
4400,2018-05-29,2018-05-27,586.02,400010002000439
4401,2018-05-29,2018-05-27,72.40,400010002000226
4402,2018-05-29,2018-05-27,387.52,400010002000357
4403,2018-05-29,2018-05-27,627.61,400010002000579
4404,2018-05-29,2018-05-27,878.93,400010002000649
4405,2018-05-29,2018-05-27,433.24,400010002000368
4406,2018-05-29,2018-05-27,683.28,400010002000634
4407,2018-05-29,2018-05-27,424.54,400010002000438
4408,2018-05-29,2018-05-27,949.35,400010002000226
4409,2018-05-29,2018-05-27,10.92,400010002000581
4410,2018-05-29,2018-05-27,35.57,400010002000580
4411,2018-05-29,2018-05-27,398.31,400010002000469
4412,2018-05-29,2018-05-27,881.46,400010002000759
4413,2018-05-29,2018-05-27,793.94,400010002000318
4414,2018-05-29,2018-05-27,526.00,400010002000317
4415,2018-05-29,2018-05-27,393.14,400010002000669
4416,2018-05-29,2018-05-27,526.78,400010002000068
4417,2018-05-29,2018-05-27,794.79,400010002000537
4418,2018-05-29,2018-05-27,483.40,400010002000069
4419,2018-05-29,2018-05-27,895.41,400010002000095
4420,2018-05-29,2018-05-27,475.61,400010002000050
4421,2018-05-29,2018-05-27,371.44,400010002000761
4422,2018-05-29,2018-05-27,988.87,400010002000051
4423,2018-05-29,2018-05-27,574.90,400010002000255
4424,2018-05-29,2018-05-27,819.31,400010002000097
4425,2018-05-29,2018-05-27,40.07,400010002000733
4426,2018-05-29,2018-05-27,525.14,400010002000048
4427,2018-05-29,2018-05-27,826.78,400010002000609
4428,2018-05-29,2018-05-27,222.90,400010002000633
4429,2018-05-29,2018-05-27,610.66,400010002000013
4430,2018-05-29,2018-05-27,914.84,400010002000858
4431,2018-05-29,2018-05-27,771.50,400010002000175
4432,2018-05-29,2018-05-27,77.56,400010002000568
4433,2018-05-29,2018-05-27,727.85,400010002000151
4434,2018-05-29,2018-05-27,942.12,400010002000025
4435,2018-05-29,2018-05-27,419.49,400010002000478
4436,2018-05-29,2018-05-27,752.60,400010002000723
4437,2018-05-29,2018-05-27,148.77,400010002000282
4438,2018-05-29,2018-05-27,302.31,400010002000538
4439,2018-05-29,2018-05-27,957.75,400010002000325
4440,2018-05-29,2018-05-27,216.37,400010002000536
4441,2018-05-29,2018-05-27,340.15,400010002000268
4442,2018-05-29,2018-05-27,773.96,400010002000413
4443,2018-05-29,2018-05-27,365.38,400010002000152
4444,2018-05-29,2018-05-27,545.60,400010002000576
4445,2018-05-29,2018-05-27,226.52,400010002000744
4446,2018-05-29,2018-05-27,757.93,400010002000355
4447,2018-05-29,2018-05-27,814.99,400010002000919
4448,2018-05-29,2018-05-27,92.88,400010002000692
4449,2018-05-29,2018-05-27,171.63,400010002000681
4450,2018-05-29,2018-05-27,578.02,400010002000902
4451,2018-05-29,2018-05-27,567.23,400010002000809
4452,2018-05-29,2018-05-27,331.54,400010002000831
4453,2018-05-29,2018-05-27,525.24,400010002000330
4454,2018-05-29,2018-05-27,187.65,400010002000741
4455,2018-05-29,2018-05-27,315.16,400010002000204
4456,2018-05-29,2018-05-27,647.75,400010002000832
4457,2018-05-29,2018-05-27,317.00,400010002000671
4458,2018-05-29,2018-05-27,177.13,400010002000117
4459,2018-05-29,2018-05-27,185.83,400010002000682
4460,2018-05-29,2018-05-27,599.17,400010002000745
4461,2018-05-29,2018-05-27,929.78,400010002000708
4462,2018-05-29,2018-05-27,226.10,400010002000514
4463,2018-05-29,2018-05-27,855.77,400010002000025
4464,2018-05-29,2018-05-27,409.73,400010002000477
4465,2018-05-29,2018-05-27,834.28,400010002000244
4466,2018-05-29,2018-05-27,395.56,400010002000030
4467,2018-05-29,2018-05-27,487.76,400010002000473
4468,2018-05-29,2018-05-27,720.11,400010002000818
4469,2018-05-29,2018-05-27,717.03,400010002000988
4470,2018-05-29,2018-05-27,904.18,400010002000124
4471,2018-05-29,2018-05-27,445.57,400010002000712
4472,2018-05-29,2018-05-27,863.45,400010002000137
4473,2018-05-29,2018-05-27,583.81,400010002000111
4474,2018-05-29,2018-05-27,283.27,400010002000657
4475,2018-05-29,2018-05-27,994.00,400010002000341
4476,2018-05-29,2018-05-27,185.75,400010002000318
4477,2018-05-29,2018-05-27,670.44,400010002000617
4478,2018-05-29,2018-05-27,55.02,400010002000413
4479,2018-05-29,2018-05-27,441.05,400010002000797
4480,2018-05-29,2018-05-27,180.57,400010002000715
4481,2018-05-29,2018-05-27,243.10,400010002000134
4482,2018-05-29,2018-05-27,328.54,400010002000511
4483,2018-05-29,2018-05-27,429.31,400010002000981
4484,2018-05-29,2018-05-27,457.54,400010002000195
4485,2018-05-29,2018-05-27,620.12,400010002000997
4486,2018-05-29,2018-05-27,958.17,400010002000397
4487,2018-05-29,2018-05-27,333.69,400010002000073
4488,2018-05-29,2018-05-27,814.16,400010002000560
4489,2018-05-29,2018-05-27,997.32,400010002000732
4490,2018-05-29,2018-05-27,158.72,400010002000333
4491,2018-05-29,2018-05-27,972.34,400010002000278
4492,2018-05-29,2018-05-27,930.52,400010002000896
4493,2018-05-29,2018-05-27,908.87,400010002000302
4494,2018-05-29,2018-05-27,722.03,400010002000566
4495,2018-05-29,2018-05-27,88.00,400010002000477
4496,2018-05-29,2018-05-27,456.36,400010002000664
4497,2018-05-29,2018-05-27,405.76,400010002000736
4498,2018-05-29,2018-05-27,229.42,400010002000592
4499,2018-05-29,2018-05-27,306.61,400010002000046
4500,2018-05-29,2018-05-27,510.11,400010002000566
4501,2018-05-29,2018-05-27,283.91,400010002000997
4502,2018-05-29,2018-05-27,904.66,400010002000206
4503,2018-05-29,2018-05-27,530.37,400010002000305
4504,2018-05-29,2018-05-27,859.35,400010002000501
4505,2018-05-29,2018-05-27,943.90,400010002000204
4506,2018-05-29,2018-05-27,1.85,400010002000248
4507,2018-05-29,2018-05-27,972.20,400010002000352
4508,2018-05-29,2018-05-27,302.24,400010002000153
4509,2018-05-29,2018-05-27,714.42,400010002000575
4510,2018-05-29,2018-05-27,872.81,400010002000234
4511,2018-05-29,2018-05-27,288.65,400010002000264
4512,2018-05-29,2018-05-27,19.55,400010002000015
4513,2018-05-29,2018-05-27,721.39,400010002000698
4514,2018-05-29,2018-05-27,108.53,400010002000290
4515,2018-05-29,2018-05-27,518.26,400010002000911
4516,2018-05-29,2018-05-27,916.67,400010002000902
4517,2018-05-29,2018-05-27,634.87,400010002000996
4518,2018-05-29,2018-05-27,399.21,400010002000064
4519,2018-05-29,2018-05-27,782.53,400010002000853
4520,2018-05-29,2018-05-27,225.20,400010002000247
4521,2018-05-29,2018-05-27,875.72,400010002000509
4522,2018-05-29,2018-05-27,7.27,400010002000547
4523,2018-05-29,2018-05-27,956.28,400010002000081
4524,2018-05-29,2018-05-27,883.70,400010002000743
4525,2018-05-29,2018-05-27,114.09,400010002000331
4526,2018-05-29,2018-05-27,998.20,400010002000980
4527,2018-05-29,2018-05-27,764.73,400010002000574
4528,2018-05-29,2018-05-27,467.08,400010002000112
4529,2018-05-29,2018-05-27,141.72,400010002000349
4530,2018-05-29,2018-05-27,623.37,400010002000259
4531,2018-05-29,2018-05-27,14.13,400010002000920
4532,2018-05-29,2018-05-27,684.10,400010002000076
4533,2018-05-29,2018-05-27,450.17,400010002000115
4534,2018-05-29,2018-05-27,499.63,400010002000537
4535,2018-05-29,2018-05-27,912.96,400010002000479
4536,2018-05-29,2018-05-27,712.67,400010002000813
4537,2018-05-29,2018-05-27,96.85,400010002000990
4538,2018-05-29,2018-05-27,480.15,400010002000925
4539,2018-05-29,2018-05-27,690.94,400010002000841
4540,2018-05-29,2018-05-27,892.30,400010002000451
4541,2018-05-29,2018-05-27,691.12,400010002000907
4542,2018-05-29,2018-05-27,360.97,400010002000481
4543,2018-05-29,2018-05-27,972.61,400010002000550
4544,2018-05-29,2018-05-27,543.42,400010002000411
4545,2018-05-29,2018-05-27,582.22,400010002000370
4546,2018-05-29,2018-05-27,817.80,400010002000917
4547,2018-05-29,2018-05-27,612.70,400010002000344
4548,2018-05-29,2018-05-27,932.91,400010002000638
4549,2018-05-29,2018-05-27,581.30,400010002000558
4550,2018-05-29,2018-05-27,217.79,400010002000681
4551,2018-05-29,2018-05-27,950.28,400010002000401
4552,2018-05-29,2018-05-27,655.48,400010002000028
4553,2018-05-29,2018-05-27,799.43,400010002000644
4554,2018-05-29,2018-05-27,200.42,400010002000365
4555,2018-05-29,2018-05-27,688.66,400010002000320
4556,2018-05-29,2018-05-27,950.49,400010002000598
4557,2018-05-29,2018-05-27,433.66,400010002000685
4558,2018-05-29,2018-05-27,172.49,400010002000590
4559,2018-05-29,2018-05-27,858.11,400010002000829
4560,2018-05-29,2018-05-27,723.55,400010002000202
4561,2018-05-29,2018-05-27,583.20,400010002000708
4562,2018-05-29,2018-05-27,111.38,400010002000812
4563,2018-05-29,2018-05-27,568.51,400010002000458
4564,2018-05-29,2018-05-27,292.64,400010002000843
4565,2018-05-29,2018-05-27,427.72,400010002000851
4566,2018-05-29,2018-05-27,321.31,400010002000720
4567,2018-05-29,2018-05-27,508.79,400010002000678
4568,2018-05-29,2018-05-27,128.12,400010002000882
4569,2018-05-29,2018-05-27,349.77,400010002000664
4570,2018-05-29,2018-05-27,37.03,400010002000139
4571,2018-05-29,2018-05-27,400.36,400010002000213
4572,2018-05-29,2018-05-27,106.31,400010002000694
4573,2018-05-29,2018-05-27,833.39,400010002000953
4574,2018-05-29,2018-05-27,19.59,400010002000639
4575,2018-05-29,2018-05-27,861.46,400010002000552
4576,2018-05-29,2018-05-27,45.97,400010002000571
4577,2018-05-29,2018-05-27,221.01,400010002000752
4578,2018-05-29,2018-05-27,538.56,400010002000253
4579,2018-05-29,2018-05-27,389.48,400010002000868
4580,2018-05-29,2018-05-27,547.45,400010002000931
4581,2018-05-29,2018-05-27,660.49,400010002000318
4582,2018-05-29,2018-05-27,385.38,400010002000987
4583,2018-05-29,2018-05-27,418.33,400010002000849
4584,2018-05-29,2018-05-27,403.87,400010002000113
4585,2018-05-29,2018-05-27,824.49,400010002000235
4586,2018-05-29,2018-05-27,812.26,400010002000056
4587,2018-05-29,2018-05-27,657.82,400010002000176
4588,2018-05-29,2018-05-27,103.90,400010002000339
4589,2018-05-29,2018-05-27,234.15,400010002000007
4590,2018-05-29,2018-05-27,541.26,400010002000008
4591,2018-05-29,2018-05-27,172.12,400010002000630
4592,2018-05-29,2018-05-27,195.72,400010002000618
4593,2018-05-29,2018-05-27,269.11,400010002000745
4594,2018-05-29,2018-05-27,237.98,400010002000173
4595,2018-05-29,2018-05-27,904.34,400010002000080
4596,2018-05-29,2018-05-27,531.60,400010002000651
4597,2018-05-29,2018-05-27,195.89,400010002000819
4598,2018-05-29,2018-05-27,94.49,400010002000107
4599,2018-05-29,2018-05-27,604.22,400010002000822
4600,2018-05-29,2018-05-27,662.78,400010002000046
4601,2018-05-29,2018-05-27,796.68,400010002000578
4602,2018-05-29,2018-05-27,415.93,400010002000956
4603,2018-05-29,2018-05-27,366.06,400010002000023
4604,2018-05-29,2018-05-27,904.01,400010002000380
4605,2018-05-29,2018-05-27,430.57,400010002000511
4606,2018-05-29,2018-05-27,355.42,400010002000924
4607,2018-05-29,2018-05-27,233.71,400010002000251
4608,2018-05-29,2018-05-27,837.38,400010002000920
4609,2018-05-29,2018-05-27,609.22,400010002000457
4610,2018-05-29,2018-05-27,191.72,400010002000256
4611,2018-05-29,2018-05-27,579.97,400010002000330
4612,2018-05-29,2018-05-27,274.94,400010002000048
4613,2018-05-29,2018-05-27,419.06,400010002000723
4614,2018-05-29,2018-05-27,794.19,400010002000428
4615,2018-05-29,2018-05-27,217.10,400010002000009
4616,2018-05-29,2018-05-27,949.71,400010002000692
4617,2018-05-29,2018-05-27,372.00,400010002000242
4618,2018-05-29,2018-05-27,169.68,400010002000461
4619,2018-05-29,2018-05-27,445.68,400010002000181
4620,2018-05-29,2018-05-27,454.49,400010002000312
4621,2018-05-29,2018-05-27,516.71,400010002000103
4622,2018-05-29,2018-05-27,235.69,400010002000529
4623,2018-05-29,2018-05-27,498.86,400010002000648
4624,2018-05-29,2018-05-27,198.08,400010002000251
4625,2018-05-29,2018-05-27,892.46,400010002000103
4626,2018-05-29,2018-05-27,214.52,400010002000308
4627,2018-05-29,2018-05-27,88.83,400010002000659
4628,2018-05-29,2018-05-27,398.45,400010002000482
4629,2018-05-29,2018-05-27,657.63,400010002000149
4630,2018-05-29,2018-05-27,292.83,400010002000712
4631,2018-05-29,2018-05-27,12.80,400010002000715
4632,2018-05-29,2018-05-27,382.32,400010002000078
4633,2018-05-29,2018-05-27,474.82,400010002000649
4634,2018-05-29,2018-05-27,441.19,400010002000966
4635,2018-05-29,2018-05-27,25.32,400010002000385
4636,2018-05-29,2018-05-27,710.81,400010002000932
4637,2018-05-29,2018-05-27,984.69,400010002000249
4638,2018-05-29,2018-05-27,538.11,400010002000186
4639,2018-05-29,2018-05-27,434.10,400010002000109
4640,2018-05-29,2018-05-27,900.52,400010002000542
4641,2018-05-29,2018-05-27,450.50,400010002000513
4642,2018-05-29,2018-05-27,193.10,400010002000880
4643,2018-05-29,2018-05-27,126.30,400010002000235
4644,2018-05-29,2018-05-27,759.72,400010002000910
4645,2018-05-29,2018-05-27,905.36,400010002000437
4646,2018-05-29,2018-05-27,913.36,400010002000062
4647,2018-05-29,2018-05-27,982.27,400010002000777
4648,2018-05-29,2018-05-27,609.08,400010002000845
4649,2018-05-29,2018-05-27,384.35,400010002000891
4650,2018-05-29,2018-05-27,508.52,400010002000895
4651,2018-05-29,2018-05-27,883.96,400010002000633
4652,2018-05-29,2018-05-27,906.56,400010002000241
4653,2018-05-29,2018-05-27,73.32,400010002000350
4654,2018-05-29,2018-05-27,877.95,400010002000039
4655,2018-05-29,2018-05-27,774.76,400010002000241
4656,2018-05-29,2018-05-27,45.95,400010002000105
4657,2018-05-29,2018-05-27,456.64,400010002000547
4658,2018-05-29,2018-05-27,575.37,400010002000139
4659,2018-05-29,2018-05-27,478.08,400010002000932
4660,2018-05-29,2018-05-27,348.47,400010002000418
4661,2018-05-29,2018-05-27,795.78,400010002000890
4662,2018-05-29,2018-05-27,795.06,400010002000114
4663,2018-05-29,2018-05-27,231.45,400010002000451
4664,2018-05-29,2018-05-27,517.27,400010002000089
4665,2018-05-29,2018-05-27,520.80,400010002000767
4666,2018-05-29,2018-05-27,674.26,400010002000187
4667,2018-05-29,2018-05-27,143.37,400010002000380
4668,2018-05-29,2018-05-27,73.98,400010002000599
4669,2018-05-29,2018-05-27,366.73,400010002000101
4670,2018-05-29,2018-05-27,56.44,400010002000820
4671,2018-05-29,2018-05-27,29.84,400010002000480
4672,2018-05-29,2018-05-27,547.18,400010002000091
4673,2018-05-29,2018-05-27,337.00,400010002000770
4674,2018-05-29,2018-05-27,109.73,400010002000988
4675,2018-05-29,2018-05-27,337.59,400010002000155
4676,2018-05-29,2018-05-27,432.07,400010002000992
4677,2018-05-29,2018-05-27,825.80,400010002000747
4678,2018-05-29,2018-05-27,445.28,400010002000466
4679,2018-05-29,2018-05-27,111.10,400010002000546
4680,2018-05-29,2018-05-27,191.01,400010002000448
4681,2018-05-29,2018-05-27,481.48,400010002000084
4682,2018-05-29,2018-05-27,629.89,400010002000055
4683,2018-05-29,2018-05-27,210.45,400010002000995
4684,2018-05-29,2018-05-27,814.43,400010002000130
4685,2018-05-29,2018-05-27,643.03,400010002000096
4686,2018-05-29,2018-05-27,237.52,400010002000915
4687,2018-05-29,2018-05-27,236.87,400010002000859
4688,2018-05-29,2018-05-27,711.64,400010002000209
4689,2018-05-29,2018-05-27,431.64,400010002000366
4690,2018-05-29,2018-05-27,834.27,400010002000442
4691,2018-05-29,2018-05-27,873.31,400010002000909
4692,2018-05-29,2018-05-27,951.03,400010002000552
4693,2018-05-29,2018-05-27,829.36,400010002000419
4694,2018-05-29,2018-05-27,541.25,400010002000365
4695,2018-05-29,2018-05-27,596.77,400010002000817
4696,2018-05-29,2018-05-27,119.26,400010002000443
4697,2018-05-29,2018-05-27,326.95,400010002000196
4698,2018-05-29,2018-05-27,69.96,400010002000973
4699,2018-05-29,2018-05-27,969.63,400010002000458
4700,2018-05-29,2018-05-27,318.94,400010002000370
4701,2018-05-29,2018-05-27,972.90,400010002000684
4702,2018-05-29,2018-05-27,374.61,400010002000667
4703,2018-05-29,2018-05-27,966.84,400010002000016
4704,2018-05-29,2018-05-27,74.31,400010002000692
4705,2018-05-29,2018-05-27,905.64,400010002000309
4706,2018-05-29,2018-05-27,316.07,400010002000250
4707,2018-05-29,2018-05-27,46.22,400010002000134
4708,2018-05-29,2018-05-27,164.50,400010002000230
4709,2018-05-29,2018-05-27,701.04,400010002000969
4710,2018-05-29,2018-05-27,981.79,400010002000642
4711,2018-05-29,2018-05-27,918.61,400010002000602
4712,2018-05-29,2018-05-27,653.80,400010002000073
4713,2018-05-29,2018-05-27,117.14,400010002000802
4714,2018-05-29,2018-05-27,556.40,400010002000929
4715,2018-05-29,2018-05-27,225.25,400010002000309
4716,2018-05-29,2018-05-27,638.68,400010002000174
4717,2018-05-29,2018-05-27,68.25,400010002000074
4718,2018-05-29,2018-05-27,887.39,400010002000939
4719,2018-05-29,2018-05-27,579.06,400010002000457
4720,2018-05-29,2018-05-27,480.79,400010002000515
4721,2018-05-29,2018-05-27,910.32,400010002000782
4722,2018-05-29,2018-05-27,140.46,400010002000763
4723,2018-05-29,2018-05-27,677.12,400010002000272
4724,2018-05-29,2018-05-27,545.80,400010002000894
4725,2018-05-29,2018-05-27,369.74,400010002000844
4726,2018-05-29,2018-05-27,189.08,400010002000895
4727,2018-05-29,2018-05-27,441.29,400010002000706
4728,2018-05-29,2018-05-27,717.28,400010002000652
4729,2018-05-29,2018-05-27,697.50,400010002000986
4730,2018-05-29,2018-05-27,632.74,400010002000919
4731,2018-05-29,2018-05-27,393.96,400010002000849
4732,2018-05-29,2018-05-27,205.49,400010002000872
4733,2018-05-29,2018-05-27,880.85,400010002000696
4734,2018-05-29,2018-05-27,588.49,400010002000924
4735,2018-05-29,2018-05-27,726.02,400010002000070
4736,2018-05-29,2018-05-27,420.28,400010002000854
4737,2018-05-29,2018-05-27,994.29,400010002000845
4738,2018-05-29,2018-05-27,650.25,400010002000059
4739,2018-05-29,2018-05-27,764.07,400010002000098
4740,2018-05-29,2018-05-27,927.93,400010002000930
4741,2018-05-29,2018-05-27,22.26,400010002000856
4742,2018-05-29,2018-05-27,660.43,400010002000924
4743,2018-05-29,2018-05-27,793.86,400010002000541
4744,2018-05-29,2018-05-27,761.21,400010002000902
4745,2018-05-29,2018-05-27,735.13,400010002000514
4746,2018-05-29,2018-05-27,188.39,400010002000696
4747,2018-05-29,2018-05-27,447.06,400010002000593
4748,2018-05-29,2018-05-27,602.39,400010002000664
4749,2018-05-29,2018-05-27,450.95,400010002000802
4750,2018-05-29,2018-05-27,860.33,400010002000201
4751,2018-05-29,2018-05-27,108.32,400010002000891
4752,2018-05-29,2018-05-27,608.58,400010002000810
4753,2018-05-29,2018-05-27,764.65,400010002000355
4754,2018-05-29,2018-05-27,935.02,400010002000316
4755,2018-05-29,2018-05-27,49.74,400010002000789
4756,2018-05-29,2018-05-27,899.05,400010002000271
4757,2018-05-29,2018-05-27,576.96,400010002000413
4758,2018-05-29,2018-05-27,770.04,400010002000416
4759,2018-05-29,2018-05-27,249.66,400010002000515
4760,2018-05-29,2018-05-27,973.95,400010002000291
4761,2018-05-29,2018-05-27,4.88,400010002000376
4762,2018-05-29,2018-05-27,72.91,400010002000768
4763,2018-05-29,2018-05-27,102.91,400010002000965
4764,2018-05-29,2018-05-27,584.07,400010002000282
4765,2018-05-29,2018-05-27,5.93,400010002000327
4766,2018-05-29,2018-05-27,81.82,400010002000049
4767,2018-05-29,2018-05-27,479.50,400010002000109
4768,2018-05-29,2018-05-27,821.13,400010002000369
4769,2018-05-29,2018-05-27,798.08,400010002000134
4770,2018-05-29,2018-05-27,70.35,400010002000430
4771,2018-05-29,2018-05-27,838.80,400010002000255
4772,2018-05-29,2018-05-27,448.01,400010002000673
4773,2018-05-29,2018-05-27,407.40,400010002000002
4774,2018-05-29,2018-05-27,820.73,400010002000881
4775,2018-05-29,2018-05-27,356.19,400010002000668
4776,2018-05-29,2018-05-27,738.74,400010002000629
4777,2018-05-29,2018-05-27,925.53,400010002000582
4778,2018-05-29,2018-05-27,960.21,400010002000639
4779,2018-05-29,2018-05-27,269.34,400010002000254
4780,2018-05-29,2018-05-27,347.43,400010002000889
4781,2018-05-29,2018-05-27,308.93,400010002000992
4782,2018-05-29,2018-05-27,305.15,400010002000003
4783,2018-05-29,2018-05-27,900.98,400010002000334
4784,2018-05-29,2018-05-27,975.97,400010002000621
4785,2018-05-29,2018-05-27,801.98,400010002000388
4786,2018-05-29,2018-05-27,607.10,400010002000892
4787,2018-05-29,2018-05-27,65.29,400010002000713
4788,2018-05-29,2018-05-27,859.86,400010002000244
4789,2018-05-29,2018-05-27,315.96,400010002000919
4790,2018-05-29,2018-05-27,345.73,400010002000834
4791,2018-05-29,2018-05-27,814.98,400010002000559
4792,2018-05-29,2018-05-27,341.70,400010002000902
4793,2018-05-29,2018-05-27,345.92,400010002000202
4794,2018-05-29,2018-05-27,462.90,400010002000316
4795,2018-05-29,2018-05-27,735.98,400010002000810
4796,2018-05-29,2018-05-27,52.02,400010002000232
4797,2018-05-29,2018-05-27,257.48,400010002000663
4798,2018-05-29,2018-05-27,182.52,400010002000667
4799,2018-05-29,2018-05-27,246.88,400010002000110
4800,2018-05-29,2018-05-27,466.81,400010002000224
4801,2018-05-29,2018-05-27,25.62,400010002000378
4802,2018-05-29,2018-05-27,310.63,400010002000908
4803,2018-05-29,2018-05-27,610.03,400010002000508
4804,2018-05-29,2018-05-27,861.33,400010002000221
4805,2018-05-29,2018-05-27,757.46,400010002000251
4806,2018-05-29,2018-05-27,660.42,400010002000231
4807,2018-05-29,2018-05-27,611.48,400010002000405
4808,2018-05-29,2018-05-27,929.85,400010002000367
4809,2018-05-29,2018-05-27,581.02,400010002000664
4810,2018-05-29,2018-05-27,496.46,400010002000047
4811,2018-05-29,2018-05-27,116.67,400010002000494
4812,2018-05-29,2018-05-27,590.65,400010002000047
4813,2018-05-29,2018-05-27,732.10,400010002000957
4814,2018-05-29,2018-05-27,142.92,400010002000770
4815,2018-05-29,2018-05-27,958.96,400010002000676
4816,2018-05-29,2018-05-27,745.97,400010002000120
4817,2018-05-29,2018-05-27,921.26,400010002000337
4818,2018-05-29,2018-05-27,150.12,400010002000769
4819,2018-05-29,2018-05-27,867.99,400010002000195
4820,2018-05-29,2018-05-27,16.38,400010002000002
4821,2018-05-29,2018-05-27,312.81,400010002000107
4822,2018-05-29,2018-05-27,664.09,400010002000151
4823,2018-05-29,2018-05-27,394.97,400010002000470
4824,2018-05-29,2018-05-27,719.10,400010002000895
4825,2018-05-29,2018-05-27,698.14,400010002000299
4826,2018-05-29,2018-05-27,893.54,400010002000321
4827,2018-05-29,2018-05-27,41.85,400010002000382
4828,2018-05-29,2018-05-27,609.80,400010002000713
4829,2018-05-29,2018-05-27,695.01,400010002000095
4830,2018-05-29,2018-05-27,818.89,400010002000478
4831,2018-05-29,2018-05-27,51.48,400010002000978
4832,2018-05-29,2018-05-27,157.45,400010002000503
4833,2018-05-29,2018-05-27,55.26,400010002000637
4834,2018-05-29,2018-05-27,537.78,400010002000476
4835,2018-05-29,2018-05-27,565.67,400010002000856
4836,2018-05-29,2018-05-27,371.68,400010002000421
4837,2018-05-29,2018-05-27,412.66,400010002000100
4838,2018-05-29,2018-05-27,891.71,400010002000736
4839,2018-05-29,2018-05-27,108.40,400010002000700
4840,2018-05-29,2018-05-27,452.26,400010002000556
4841,2018-05-29,2018-05-27,53.02,400010002000129
4842,2018-05-29,2018-05-27,268.22,400010002000120
4843,2018-05-29,2018-05-27,600.93,400010002000712
4844,2018-05-29,2018-05-27,780.19,400010002000151
4845,2018-05-29,2018-05-27,538.68,400010002000014
4846,2018-05-29,2018-05-27,723.25,400010002000952
4847,2018-05-29,2018-05-27,366.05,400010002000934
4848,2018-05-29,2018-05-27,19.88,400010002000031
4849,2018-05-29,2018-05-27,269.29,400010002000213
4850,2018-05-29,2018-05-27,818.10,400010002000612
4851,2018-05-29,2018-05-27,828.48,400010002000685
4852,2018-05-29,2018-05-27,352.11,400010002000278
4853,2018-05-29,2018-05-27,310.99,400010002000078
4854,2018-05-29,2018-05-27,815.65,400010002000371
4855,2018-05-29,2018-05-27,868.30,400010002000610
4856,2018-05-29,2018-05-27,107.07,400010002000464
4857,2018-05-29,2018-05-27,75.98,400010002000915
4858,2018-05-29,2018-05-27,130.25,400010002000408
4859,2018-05-29,2018-05-27,34.66,400010002000084
4860,2018-05-29,2018-05-27,317.26,400010002000984
4861,2018-05-29,2018-05-27,684.51,400010002000720
4862,2018-05-29,2018-05-27,175.89,400010002000159
4863,2018-05-29,2018-05-27,76.59,400010002000944
4864,2018-05-29,2018-05-27,959.59,400010002000297
4865,2018-05-29,2018-05-27,91.35,400010002000227
4866,2018-05-29,2018-05-27,7.16,400010002000460
4867,2018-05-29,2018-05-27,498.13,400010002000803
4868,2018-05-29,2018-05-27,906.29,400010002000116
4869,2018-05-29,2018-05-27,308.78,400010002000107
4870,2018-05-29,2018-05-27,397.50,400010002000120
4871,2018-05-29,2018-05-27,94.66,400010002000427
4872,2018-05-29,2018-05-27,854.16,400010002000866
4873,2018-05-29,2018-05-27,308.05,400010002000451
4874,2018-05-29,2018-05-27,249.33,400010002000882
4875,2018-05-29,2018-05-27,677.55,400010002000913
4876,2018-05-29,2018-05-27,751.69,400010002000934
4877,2018-05-29,2018-05-27,431.46,400010002000896
4878,2018-05-29,2018-05-27,480.52,400010002000932
4879,2018-05-29,2018-05-27,444.12,400010002000654
4880,2018-05-29,2018-05-27,493.56,400010002000538
4881,2018-05-29,2018-05-27,397.01,400010002000991
4882,2018-05-29,2018-05-27,781.85,400010002000382
4883,2018-05-29,2018-05-27,700.00,400010002000341
4884,2018-05-29,2018-05-27,902.09,400010002000251
4885,2018-05-29,2018-05-27,227.61,400010002000699
4886,2018-05-29,2018-05-27,889.78,400010002000409
4887,2018-05-29,2018-05-27,890.79,400010002000472
4888,2018-05-29,2018-05-27,265.12,400010002000484
4889,2018-05-29,2018-05-27,687.08,400010002000109
4890,2018-05-29,2018-05-27,269.33,400010002000971
4891,2018-05-29,2018-05-27,150.22,400010002000126
4892,2018-05-29,2018-05-27,949.89,400010002000478
4893,2018-05-29,2018-05-27,54.68,400010002000754
4894,2018-05-29,2018-05-27,351.41,400010002000276
4895,2018-05-29,2018-05-27,821.73,400010002000971
4896,2018-05-29,2018-05-27,862.46,400010002000607
4897,2018-05-29,2018-05-27,320.46,400010002000133
4898,2018-05-29,2018-05-27,719.10,400010002000435
4899,2018-05-29,2018-05-27,660.55,400010002000762
4900,2018-05-29,2018-05-27,772.11,400010002000048
4901,2018-05-29,2018-05-27,133.34,400010002000298
4902,2018-05-29,2018-05-27,887.69,400010002000965
4903,2018-05-29,2018-05-27,673.23,400010002000801
4904,2018-05-29,2018-05-27,770.46,400010002000105
4905,2018-05-29,2018-05-27,83.91,400010002000628
4906,2018-05-29,2018-05-27,572.61,400010002000080
4907,2018-05-29,2018-05-27,801.79,400010002000115
4908,2018-05-29,2018-05-27,384.55,400010002000752
4909,2018-05-29,2018-05-27,154.10,400010002000150
4910,2018-05-29,2018-05-27,590.15,400010002000933
4911,2018-05-29,2018-05-27,909.40,400010002000322
4912,2018-05-29,2018-05-27,113.64,400010002000187
4913,2018-05-29,2018-05-27,415.71,400010002000017
4914,2018-05-29,2018-05-27,785.22,400010002000245
4915,2018-05-29,2018-05-27,774.68,400010002000435
4916,2018-05-29,2018-05-27,409.22,400010002000452
4917,2018-05-29,2018-05-27,309.68,400010002000007
4918,2018-05-29,2018-05-27,630.92,400010002000995
4919,2018-05-29,2018-05-27,51.64,400010002000090
4920,2018-05-29,2018-05-27,367.64,400010002000423
4921,2018-05-29,2018-05-27,88.47,400010002000163
4922,2018-05-29,2018-05-27,394.22,400010002000087
4923,2018-05-29,2018-05-27,402.29,400010002000935
4924,2018-05-29,2018-05-27,655.08,400010002000704
4925,2018-05-29,2018-05-27,253.16,400010002000933
4926,2018-05-29,2018-05-27,12.44,400010002000185
4927,2018-05-29,2018-05-27,258.90,400010002000168
4928,2018-05-29,2018-05-27,434.17,400010002000253
4929,2018-05-29,2018-05-27,67.66,400010002000411
4930,2018-05-29,2018-05-27,75.09,400010002000131
4931,2018-05-29,2018-05-27,923.11,400010002000464
4932,2018-05-29,2018-05-27,312.03,400010002000765
4933,2018-05-29,2018-05-27,481.90,400010002000572
4934,2018-05-29,2018-05-27,555.37,400010002000625
4935,2018-05-29,2018-05-27,958.65,400010002000776
4936,2018-05-29,2018-05-27,579.07,400010002000127
4937,2018-05-29,2018-05-27,45.95,400010002000578
4938,2018-05-29,2018-05-27,186.16,400010002000094
4939,2018-05-29,2018-05-27,84.99,400010002000755
4940,2018-05-29,2018-05-27,258.18,400010002000497
4941,2018-05-29,2018-05-27,647.32,400010002000553
4942,2018-05-29,2018-05-27,624.82,400010002000922
4943,2018-05-29,2018-05-27,28.70,400010002000767
4944,2018-05-29,2018-05-27,733.80,400010002000796
4945,2018-05-29,2018-05-27,153.29,400010002000409
4946,2018-05-29,2018-05-27,801.42,400010002000474
4947,2018-05-29,2018-05-27,39.78,400010002000759
4948,2018-05-29,2018-05-27,980.44,400010002000672
4949,2018-05-29,2018-05-27,290.37,400010002000613
4950,2018-05-29,2018-05-27,94.89,400010002000581
4951,2018-05-29,2018-05-27,29.76,400010002000442
4952,2018-05-29,2018-05-27,660.11,400010002000246
4953,2018-05-29,2018-05-27,342.88,400010002000987
4954,2018-05-29,2018-05-27,231.69,400010002000417
4955,2018-05-29,2018-05-27,538.82,400010002000558
4956,2018-05-29,2018-05-27,608.33,400010002000162
4957,2018-05-29,2018-05-27,502.80,400010002000920
4958,2018-05-29,2018-05-27,51.42,400010002000942
4959,2018-05-29,2018-05-27,988.81,400010002000188
4960,2018-05-29,2018-05-27,478.03,400010002000779
4961,2018-05-29,2018-05-27,952.76,400010002000597
4962,2018-05-29,2018-05-27,534.05,400010002000341
4963,2018-05-29,2018-05-27,929.21,400010002000363
4964,2018-05-29,2018-05-27,561.12,400010002000526
4965,2018-05-29,2018-05-27,14.28,400010002000106
4966,2018-05-29,2018-05-27,733.09,400010002000128
4967,2018-05-29,2018-05-27,233.22,400010002000456
4968,2018-05-29,2018-05-27,57.11,400010002000735
4969,2018-05-29,2018-05-27,943.32,400010002000551
4970,2018-05-29,2018-05-27,509.54,400010002000842
4971,2018-05-29,2018-05-27,450.78,400010002000092
4972,2018-05-29,2018-05-27,308.27,400010002000499
4973,2018-05-29,2018-05-27,205.16,400010002000509
4974,2018-05-29,2018-05-27,210.75,400010002000519
4975,2018-05-29,2018-05-27,775.69,400010002000570
4976,2018-05-29,2018-05-27,771.03,400010002000360
4977,2018-05-29,2018-05-27,310.54,400010002000471
4978,2018-05-29,2018-05-27,689.17,400010002000357
4979,2018-05-29,2018-05-27,333.93,400010002000029
4980,2018-05-29,2018-05-27,743.04,400010002000867
4981,2018-05-29,2018-05-27,545.21,400010002000114
4982,2018-05-29,2018-05-27,305.07,400010002000248
4983,2018-05-29,2018-05-27,749.93,400010002000859
4984,2018-05-29,2018-05-27,115.37,400010002000320
4985,2018-05-29,2018-05-27,174.96,400010002000522
4986,2018-05-29,2018-05-27,808.17,400010002000113
4987,2018-05-29,2018-05-27,198.23,400010002000070
4988,2018-05-29,2018-05-27,669.54,400010002000238
4989,2018-05-29,2018-05-27,957.94,400010002000715
4990,2018-05-29,2018-05-27,242.43,400010002000207
4991,2018-05-29,2018-05-27,397.14,400010002000638
4992,2018-05-29,2018-05-27,688.75,400010002000357
4993,2018-05-29,2018-05-27,46.55,400010002000110
4994,2018-05-29,2018-05-27,268.59,400010002000826
4995,2018-05-29,2018-05-27,251.78,400010002000043
4996,2018-05-29,2018-05-27,902.94,400010002000210
4997,2018-05-29,2018-05-27,610.82,400010002000767
4998,2018-05-29,2018-05-27,549.15,400010002000082
4999,2018-05-29,2018-05-27,103.29,400010002000501
5000,2018-05-29,2018-05-27,37.20,400010002000588
5001,2018-05-29,2018-05-27,765.25,400010002000534
5002,2018-05-29,2018-05-27,90.07,400010002000687
5003,2018-05-29,2018-05-27,791.37,400010002000618
5004,2018-05-29,2018-05-27,482.99,400010002000433
5005,2018-05-29,2018-05-27,631.27,400010002000461
5006,2018-05-29,2018-05-27,683.94,400010002000902
5007,2018-05-29,2018-05-27,987.15,400010002000465
5008,2018-05-29,2018-05-27,861.85,400010002000959
5009,2018-05-29,2018-05-27,617.32,400010002000092
5010,2018-05-29,2018-05-27,849.01,400010002000104
5011,2018-05-29,2018-05-27,503.39,400010002000297
5012,2018-05-29,2018-05-27,500.88,400010002000065
5013,2018-05-29,2018-05-27,248.42,400010002000495
5014,2018-05-29,2018-05-27,908.68,400010002000610
5015,2018-05-29,2018-05-27,539.11,400010002000430
5016,2018-05-29,2018-05-27,89.87,400010002000326
5017,2018-05-29,2018-05-27,127.54,400010002000150
5018,2018-05-29,2018-05-27,105.96,400010002000725
5019,2018-05-29,2018-05-27,65.58,400010002000980
5020,2018-05-29,2018-05-27,39.27,400010002000121
5021,2018-05-29,2018-05-27,860.58,400010002000055
5022,2018-05-29,2018-05-27,897.43,400010002000152
5023,2018-05-29,2018-05-27,810.81,400010002000484
5024,2018-05-29,2018-05-27,308.73,400010002000697
5025,2018-05-29,2018-05-27,27.07,400010002000663
5026,2018-05-29,2018-05-27,821.27,400010002000220
5027,2018-05-29,2018-05-27,549.50,400010002000621
5028,2018-05-29,2018-05-27,725.72,400010002000220
5029,2018-05-29,2018-05-27,528.64,400010002000509
5030,2018-05-29,2018-05-27,583.78,400010002000586
5031,2018-05-29,2018-05-27,655.49,400010002000530
5032,2018-05-29,2018-05-27,63.67,400010002000111
5033,2018-05-29,2018-05-27,897.22,400010002000655
5034,2018-05-29,2018-05-27,259.08,400010002000342
5035,2018-05-29,2018-05-27,123.80,400010002000462
5036,2018-05-29,2018-05-27,399.32,400010002000224
5037,2018-05-29,2018-05-27,395.12,400010002000296
5038,2018-05-29,2018-05-27,746.41,400010002000713
5039,2018-05-29,2018-05-27,519.19,400010002000752
5040,2018-05-29,2018-05-27,518.56,400010002000659
5041,2018-05-29,2018-05-27,988.89,400010002000157
5042,2018-05-29,2018-05-27,879.57,400010002000751
5043,2018-05-29,2018-05-27,558.33,400010002000350
5044,2018-05-29,2018-05-27,390.63,400010002000270
5045,2018-05-29,2018-05-27,529.07,400010002000534
5046,2018-05-29,2018-05-27,833.05,400010002000723
5047,2018-05-29,2018-05-27,282.68,400010002000408
5048,2018-05-29,2018-05-27,979.90,400010002000156
5049,2018-05-29,2018-05-27,717.86,400010002000100
5050,2018-05-29,2018-05-27,719.45,400010002000106
5051,2018-05-29,2018-05-27,28.92,400010002000637
5052,2018-05-29,2018-05-27,914.92,400010002000702
5053,2018-05-29,2018-05-27,696.70,400010002000828
5054,2018-05-29,2018-05-27,522.57,400010002000364
5055,2018-05-29,2018-05-27,654.20,400010002000460
5056,2018-05-29,2018-05-27,784.26,400010002000953
5057,2018-05-29,2018-05-27,335.84,400010002000665
5058,2018-05-29,2018-05-27,760.80,400010002000939
5059,2018-05-29,2018-05-27,723.03,400010002000158
5060,2018-05-29,2018-05-27,78.64,400010002000391
5061,2018-05-29,2018-05-27,557.87,400010002000788
5062,2018-05-29,2018-05-27,525.43,400010002000129
5063,2018-05-29,2018-05-27,612.98,400010002000531
5064,2018-05-29,2018-05-27,48.86,400010002000395
5065,2018-05-29,2018-05-27,277.31,400010002000594
5066,2018-05-29,2018-05-27,788.13,400010002000780
5067,2018-05-29,2018-05-27,746.16,400010002000794
5068,2018-05-29,2018-05-27,999.19,400010002000956
5069,2018-05-29,2018-05-27,788.26,400010002000751
5070,2018-05-29,2018-05-27,122.47,400010002000963
5071,2018-05-29,2018-05-27,403.51,400010002000699
5072,2018-05-29,2018-05-27,785.53,400010002000425
5073,2018-05-29,2018-05-27,682.11,400010002000952
5074,2018-05-29,2018-05-27,233.75,400010002000068
5075,2018-05-29,2018-05-27,829.01,400010002000123
5076,2018-05-29,2018-05-27,538.06,400010002000372
5077,2018-05-29,2018-05-27,627.41,400010002000214
5078,2018-05-29,2018-05-27,941.84,400010002000989
5079,2018-05-29,2018-05-27,580.64,400010002000616
5080,2018-05-29,2018-05-27,877.88,400010002000828
5081,2018-05-29,2018-05-27,593.86,400010002000851
5082,2018-05-29,2018-05-27,511.44,400010002000322
5083,2018-05-29,2018-05-27,335.46,400010002000637
5084,2018-05-29,2018-05-27,147.08,400010002000482
5085,2018-05-29,2018-05-27,352.50,400010002000472
5086,2018-05-29,2018-05-27,474.36,400010002000757
5087,2018-05-29,2018-05-27,605.42,400010002000470
5088,2018-05-29,2018-05-27,421.83,400010002000625
5089,2018-05-29,2018-05-27,334.13,400010002000629
5090,2018-05-29,2018-05-27,338.37,400010002000085
5091,2018-05-29,2018-05-27,71.32,400010002000061
5092,2018-05-29,2018-05-27,328.09,400010002000893
5093,2018-05-29,2018-05-27,177.91,400010002000963
5094,2018-05-29,2018-05-27,827.04,400010002000503
5095,2018-05-29,2018-05-27,491.72,400010002000266
5096,2018-05-29,2018-05-27,929.32,400010002000109
5097,2018-05-29,2018-05-27,552.37,400010002000983
5098,2018-05-29,2018-05-27,545.28,400010002000134
5099,2018-05-29,2018-05-27,393.85,400010002000236
5100,2018-05-29,2018-05-27,205.86,400010002000775
5101,2018-05-29,2018-05-27,80.57,400010002000818
5102,2018-05-29,2018-05-27,214.93,400010002000941
5103,2018-05-29,2018-05-27,3.70,400010002000949
5104,2018-05-29,2018-05-27,895.41,400010002000022
5105,2018-05-29,2018-05-27,451.70,400010002000569
5106,2018-05-29,2018-05-27,875.03,400010002000467
5107,2018-05-29,2018-05-27,122.08,400010002000098
5108,2018-05-29,2018-05-27,714.24,400010002000052
5109,2018-05-29,2018-05-27,51.07,400010002000123
5110,2018-05-29,2018-05-27,691.30,400010002000065
5111,2018-05-29,2018-05-27,903.96,400010002000856
5112,2018-05-29,2018-05-27,228.57,400010002000387
5113,2018-05-29,2018-05-27,690.39,400010002000543
5114,2018-05-29,2018-05-27,269.33,400010002000554
5115,2018-05-29,2018-05-27,747.86,400010002000228
5116,2018-05-29,2018-05-27,895.68,400010002000481
5117,2018-05-29,2018-05-27,270.62,400010002000385
5118,2018-05-29,2018-05-27,616.01,400010002000471
5119,2018-05-29,2018-05-27,752.54,400010002000998
5120,2018-05-29,2018-05-27,44.31,400010002000471
5121,2018-05-29,2018-05-27,459.17,400010002000578
5122,2018-05-29,2018-05-27,143.80,400010002000353
5123,2018-05-29,2018-05-27,447.80,400010002000494
5124,2018-05-29,2018-05-27,813.91,400010002000142
5125,2018-05-29,2018-05-27,713.69,400010002000704
5126,2018-05-29,2018-05-27,362.23,400010002000705
5127,2018-05-29,2018-05-27,756.69,400010002000675
5128,2018-05-29,2018-05-27,322.08,400010002000401
5129,2018-05-29,2018-05-27,234.32,400010002000819
5130,2018-05-29,2018-05-27,151.34,400010002000608
5131,2018-05-29,2018-05-27,395.87,400010002000265
5132,2018-05-29,2018-05-27,580.04,400010002000801
5133,2018-05-29,2018-05-27,676.52,400010002000152
5134,2018-05-29,2018-05-27,761.41,400010002000120
5135,2018-05-29,2018-05-27,171.39,400010002000927
5136,2018-05-29,2018-05-27,925.39,400010002000926
5137,2018-05-29,2018-05-27,706.51,400010002000313
5138,2018-05-29,2018-05-27,933.69,400010002000905
5139,2018-05-29,2018-05-27,876.83,400010002000718
5140,2018-05-29,2018-05-27,991.83,400010002000685
5141,2018-05-29,2018-05-27,731.33,400010002000865
5142,2018-05-29,2018-05-27,786.51,400010002000766
5143,2018-05-29,2018-05-27,750.71,400010002000311
5144,2018-05-29,2018-05-27,485.34,400010002000814
5145,2018-05-29,2018-05-27,385.49,400010002000380
5146,2018-05-29,2018-05-27,361.38,400010002000004
5147,2018-05-29,2018-05-27,700.49,400010002000717
5148,2018-05-29,2018-05-27,286.31,400010002000142
5149,2018-05-29,2018-05-27,606.41,400010002000332
5150,2018-05-29,2018-05-27,973.60,400010002000786
5151,2018-05-29,2018-05-27,749.87,400010002000511
5152,2018-05-29,2018-05-27,647.28,400010002000408
5153,2018-05-29,2018-05-27,380.47,400010002000452
5154,2018-05-29,2018-05-27,761.89,400010002000938
5155,2018-05-29,2018-05-27,416.67,400010002000778
5156,2018-05-29,2018-05-27,505.63,400010002000702
5157,2018-05-29,2018-05-27,491.90,400010002000399
5158,2018-05-29,2018-05-27,81.63,400010002000844
5159,2018-05-29,2018-05-27,978.17,400010002000287
5160,2018-05-29,2018-05-27,180.90,400010002000810
5161,2018-05-29,2018-05-27,856.36,400010002000865
5162,2018-05-29,2018-05-27,636.11,400010002000381
5163,2018-05-29,2018-05-27,830.99,400010002000620
5164,2018-05-29,2018-05-27,976.24,400010002000025
5165,2018-05-29,2018-05-27,271.41,400010002000478
5166,2018-05-29,2018-05-27,490.54,400010002000059
5167,2018-05-29,2018-05-27,402.62,400010002000247
5168,2018-05-29,2018-05-27,453.46,400010002000223
5169,2018-05-29,2018-05-27,665.73,400010002000110
5170,2018-05-29,2018-05-27,363.07,400010002000789
5171,2018-05-29,2018-05-27,321.42,400010002000789
5172,2018-05-29,2018-05-27,401.31,400010002000250
5173,2018-05-29,2018-05-27,179.35,400010002000462
5174,2018-05-29,2018-05-27,837.66,400010002000971
5175,2018-05-29,2018-05-27,802.42,400010002000954
5176,2018-05-29,2018-05-27,766.41,400010002000931
5177,2018-05-29,2018-05-27,656.61,400010002000035
5178,2018-05-29,2018-05-27,393.01,400010002000806
5179,2018-05-29,2018-05-27,455.64,400010002000876
5180,2018-05-29,2018-05-27,66.46,400010002000235
5181,2018-05-29,2018-05-27,384.18,400010002000846
5182,2018-05-29,2018-05-27,392.37,400010002000022
5183,2018-05-29,2018-05-27,974.19,400010002000869
5184,2018-05-29,2018-05-27,55.22,400010002000423
5185,2018-05-29,2018-05-27,156.01,400010002000512
5186,2018-05-29,2018-05-27,428.61,400010002000441
5187,2018-05-29,2018-05-27,409.12,400010002000804
5188,2018-05-29,2018-05-27,658.75,400010002000194
5189,2018-05-29,2018-05-27,997.26,400010002000558
5190,2018-05-29,2018-05-27,669.03,400010002000050
5191,2018-05-29,2018-05-27,987.96,400010002000622
5192,2018-05-29,2018-05-27,452.55,400010002000168
5193,2018-05-29,2018-05-27,129.27,400010002000058
5194,2018-05-29,2018-05-27,94.65,400010002000517
5195,2018-05-29,2018-05-27,684.09,400010002000707
5196,2018-05-29,2018-05-27,198.98,400010002000225
5197,2018-05-29,2018-05-27,7.62,400010002000994
5198,2018-05-29,2018-05-27,778.23,400010002000315
5199,2018-05-29,2018-05-27,993.97,400010002000114
5200,2018-05-29,2018-05-27,214.66,400010002000524
5201,2018-05-29,2018-05-27,515.19,400010002000910
5202,2018-05-29,2018-05-27,595.84,400010002000889
5203,2018-05-29,2018-05-27,629.15,400010002000886
5204,2018-05-29,2018-05-27,587.23,400010002000237
5205,2018-05-29,2018-05-27,642.46,400010002000765
5206,2018-05-29,2018-05-27,16.27,400010002000536
5207,2018-05-29,2018-05-27,80.26,400010002000954
5208,2018-05-29,2018-05-27,511.12,400010002000305
5209,2018-05-29,2018-05-27,236.88,400010002000061
5210,2018-05-29,2018-05-27,862.97,400010002000927
5211,2018-05-29,2018-05-27,259.79,400010002000349
5212,2018-05-29,2018-05-27,261.73,400010002000769
5213,2018-05-29,2018-05-27,653.45,400010002000642
5214,2018-05-29,2018-05-27,192.97,400010002000446
5215,2018-05-29,2018-05-27,681.00,400010002000728
5216,2018-05-29,2018-05-27,577.76,400010002000475
5217,2018-05-29,2018-05-27,388.49,400010002000751
5218,2018-05-29,2018-05-27,687.34,400010002000772
5219,2018-05-29,2018-05-27,879.61,400010002000434
5220,2018-05-29,2018-05-27,470.95,400010002000200
5221,2018-05-29,2018-05-27,28.73,400010002000221
5222,2018-05-29,2018-05-27,197.74,400010002000376
5223,2018-05-29,2018-05-27,35.66,400010002000598
5224,2018-05-29,2018-05-27,732.99,400010002000506
5225,2018-05-29,2018-05-27,97.61,400010002000917
5226,2018-05-29,2018-05-27,343.50,400010002000865
5227,2018-05-29,2018-05-27,2.34,400010002000009
5228,2018-05-29,2018-05-27,659.03,400010002000865
5229,2018-05-29,2018-05-27,630.87,400010002000780
5230,2018-05-29,2018-05-27,303.93,400010002000347
5231,2018-05-29,2018-05-27,198.91,400010002000735
5232,2018-05-29,2018-05-27,757.31,400010002000866
5233,2018-05-29,2018-05-27,563.56,400010002000097
5234,2018-05-29,2018-05-27,200.19,400010002000237
5235,2018-05-29,2018-05-27,74.69,400010002000759
5236,2018-05-29,2018-05-27,464.48,400010002000549
5237,2018-05-29,2018-05-27,260.37,400010002000855
5238,2018-05-29,2018-05-27,711.44,400010002000190
5239,2018-05-29,2018-05-27,101.29,400010002000081
5240,2018-05-29,2018-05-27,136.15,400010002000159
5241,2018-05-29,2018-05-27,771.37,400010002000293
5242,2018-05-29,2018-05-27,819.65,400010002000077
5243,2018-05-29,2018-05-27,499.89,400010002000058
5244,2018-05-29,2018-05-27,832.12,400010002000891
5245,2018-05-29,2018-05-27,645.18,400010002000019
5246,2018-05-29,2018-05-27,827.69,400010002000184
5247,2018-05-29,2018-05-27,160.76,400010002000947
5248,2018-05-29,2018-05-27,665.97,400010002000404
5249,2018-05-29,2018-05-27,381.62,400010002000293
5250,2018-05-29,2018-05-27,45.19,400010002000064
5251,2018-05-29,2018-05-27,462.08,400010002000909
5252,2018-05-29,2018-05-27,738.35,400010002000172
5253,2018-05-29,2018-05-27,855.84,400010002000365
5254,2018-05-29,2018-05-27,786.74,400010002000708
5255,2018-05-29,2018-05-27,944.90,400010002000940
5256,2018-05-29,2018-05-27,923.68,400010002000964
5257,2018-05-29,2018-05-27,295.99,400010002000945
5258,2018-05-29,2018-05-27,576.96,400010002000971
5259,2018-05-29,2018-05-27,51.49,400010002000487
5260,2018-05-29,2018-05-27,29.67,400010002000005
5261,2018-05-29,2018-05-27,646.45,400010002000203
5262,2018-05-29,2018-05-27,706.84,400010002000420
5263,2018-05-29,2018-05-27,383.98,400010002000725
5264,2018-05-29,2018-05-27,99.27,400010002000619
5265,2018-05-29,2018-05-27,398.63,400010002000890
5266,2018-05-29,2018-05-27,536.15,400010002000037
5267,2018-05-29,2018-05-27,190.34,400010002000743
5268,2018-05-29,2018-05-27,874.50,400010002000411
5269,2018-05-29,2018-05-27,221.43,400010002000454
5270,2018-05-29,2018-05-27,186.14,400010002000451
5271,2018-05-29,2018-05-27,34.78,400010002000115
5272,2018-05-29,2018-05-27,691.80,400010002000276
5273,2018-05-29,2018-05-27,973.31,400010002000257
5274,2018-05-29,2018-05-27,517.33,400010002000613
5275,2018-05-29,2018-05-27,859.54,400010002000606
5276,2018-05-29,2018-05-27,328.28,400010002000800
5277,2018-05-29,2018-05-27,928.08,400010002000263
5278,2018-05-29,2018-05-27,536.74,400010002000120
5279,2018-05-29,2018-05-27,895.18,400010002000996
5280,2018-05-29,2018-05-27,568.60,400010002000837
5281,2018-05-29,2018-05-27,296.36,400010002000807
5282,2018-05-29,2018-05-27,629.15,400010002000569
5283,2018-05-29,2018-05-27,126.26,400010002000257
5284,2018-05-29,2018-05-27,511.81,400010002000336
5285,2018-05-29,2018-05-27,374.85,400010002000308
5286,2018-05-29,2018-05-27,257.01,400010002000668
5287,2018-05-29,2018-05-27,269.60,400010002000583
5288,2018-05-29,2018-05-27,887.82,400010002000695
5289,2018-05-29,2018-05-27,905.34,400010002000040
5290,2018-05-29,2018-05-27,23.32,400010002000979
5291,2018-05-29,2018-05-27,472.11,400010002000992
5292,2018-05-29,2018-05-27,902.96,400010002000206
5293,2018-05-29,2018-05-27,475.50,400010002000324
5294,2018-05-29,2018-05-27,242.23,400010002000514
5295,2018-05-29,2018-05-27,185.10,400010002000510
5296,2018-05-29,2018-05-27,384.21,400010002000391
5297,2018-05-29,2018-05-27,43.57,400010002000755
5298,2018-05-29,2018-05-27,411.80,400010002000571
5299,2018-05-29,2018-05-27,922.28,400010002000160
5300,2018-05-29,2018-05-27,241.58,400010002000276
5301,2018-05-29,2018-05-27,918.90,400010002000329
5302,2018-05-29,2018-05-27,233.40,400010002000523
5303,2018-05-29,2018-05-27,858.36,400010002000248
5304,2018-05-29,2018-05-27,518.21,400010002000905
5305,2018-05-29,2018-05-27,780.37,400010002000573
5306,2018-05-29,2018-05-27,72.38,400010002000447
5307,2018-05-29,2018-05-27,475.33,400010002000690
5308,2018-05-29,2018-05-27,547.71,400010002000646
5309,2018-05-29,2018-05-27,564.77,400010002000060
5310,2018-05-29,2018-05-27,4.46,400010002000805
5311,2018-05-29,2018-05-27,713.43,400010002000359
5312,2018-05-29,2018-05-27,988.28,400010002000092
5313,2018-05-29,2018-05-27,307.13,400010002000906
5314,2018-05-29,2018-05-27,842.45,400010002000574
5315,2018-05-29,2018-05-27,333.84,400010002000697
5316,2018-05-29,2018-05-27,753.10,400010002000598
5317,2018-05-29,2018-05-27,265.06,400010002000116
5318,2018-05-29,2018-05-27,787.73,400010002000523
5319,2018-05-29,2018-05-27,450.20,400010002000079
5320,2018-05-29,2018-05-27,106.57,400010002000769
5321,2018-05-29,2018-05-27,909.12,400010002000898
5322,2018-05-29,2018-05-27,601.11,400010002000545
5323,2018-05-29,2018-05-27,435.81,400010002000666
5324,2018-05-29,2018-05-27,445.96,400010002000437
5325,2018-05-29,2018-05-27,611.22,400010002000304
5326,2018-05-29,2018-05-27,437.61,400010002000229
5327,2018-05-29,2018-05-27,663.75,400010002000735
5328,2018-05-29,2018-05-27,537.84,400010002000939
5329,2018-05-29,2018-05-27,113.14,400010002000809
5330,2018-05-29,2018-05-27,739.52,400010002000104
5331,2018-05-29,2018-05-27,786.81,400010002000726
5332,2018-05-29,2018-05-27,229.07,400010002000732
5333,2018-05-29,2018-05-27,107.17,400010002000698
5334,2018-05-29,2018-05-27,832.60,400010002000210
5335,2018-05-29,2018-05-27,514.35,400010002000494
5336,2018-05-29,2018-05-27,901.65,400010002000666
5337,2018-05-29,2018-05-27,510.88,400010002000365
5338,2018-05-29,2018-05-27,119.55,400010002000949
5339,2018-05-29,2018-05-27,93.00,400010002000502
5340,2018-05-29,2018-05-27,191.09,400010002000444
5341,2018-05-29,2018-05-27,268.10,400010002000899
5342,2018-05-29,2018-05-27,15.62,400010002000365
5343,2018-05-29,2018-05-27,948.38,400010002000944
5344,2018-05-29,2018-05-27,737.85,400010002000088
5345,2018-05-29,2018-05-27,758.10,400010002000560
5346,2018-05-29,2018-05-27,20.71,400010002000300
5347,2018-05-29,2018-05-27,194.81,400010002000045
5348,2018-05-29,2018-05-27,991.20,400010002000453
5349,2018-05-29,2018-05-27,145.03,400010002000011
5350,2018-05-29,2018-05-27,572.54,400010002000090
5351,2018-05-29,2018-05-27,969.95,400010002000004
5352,2018-05-29,2018-05-27,335.34,400010002000083
5353,2018-05-29,2018-05-27,249.61,400010002000422
5354,2018-05-29,2018-05-27,575.38,400010002000733
5355,2018-05-29,2018-05-27,801.55,400010002000351
5356,2018-05-29,2018-05-27,56.99,400010002000981
5357,2018-05-29,2018-05-27,775.17,400010002000810
5358,2018-05-29,2018-05-27,749.02,400010002000693
5359,2018-05-29,2018-05-27,463.29,400010002000671
5360,2018-05-29,2018-05-27,924.15,400010002000069
5361,2018-05-29,2018-05-27,969.99,400010002000224
5362,2018-05-29,2018-05-27,192.27,400010002000790
5363,2018-05-29,2018-05-27,26.64,400010002000961
5364,2018-05-29,2018-05-27,395.65,400010002000406
5365,2018-05-29,2018-05-27,58.04,400010002000636
5366,2018-05-29,2018-05-27,805.72,400010002000820
5367,2018-05-29,2018-05-27,65.98,400010002000094
5368,2018-05-29,2018-05-27,730.72,400010002000458
5369,2018-05-29,2018-05-27,20.11,400010002000664
5370,2018-05-29,2018-05-27,468.23,400010002000858
5371,2018-05-29,2018-05-27,223.75,400010002000135
5372,2018-05-29,2018-05-27,518.47,400010002000971
5373,2018-05-29,2018-05-27,557.37,400010002000477
5374,2018-05-29,2018-05-27,111.63,400010002000406
5375,2018-05-29,2018-05-27,592.92,400010002000487
5376,2018-05-29,2018-05-27,396.53,400010002000249
5377,2018-05-29,2018-05-27,319.43,400010002000498
5378,2018-05-29,2018-05-27,88.26,400010002000812
5379,2018-05-29,2018-05-27,623.64,400010002000122
5380,2018-05-29,2018-05-27,978.56,400010002000888
5381,2018-05-29,2018-05-27,728.83,400010002000774
5382,2018-05-29,2018-05-27,475.80,400010002000642
5383,2018-05-29,2018-05-27,511.11,400010002000366
5384,2018-05-29,2018-05-27,260.02,400010002000267
5385,2018-05-29,2018-05-27,984.12,400010002000125
5386,2018-05-29,2018-05-27,213.90,400010002000929
5387,2018-05-29,2018-05-27,271.84,400010002000996
5388,2018-05-29,2018-05-27,21.88,400010002000340
5389,2018-05-29,2018-05-27,73.46,400010002000422
5390,2018-05-29,2018-05-27,217.32,400010002000466
5391,2018-05-29,2018-05-27,965.16,400010002000620
5392,2018-05-29,2018-05-27,1.69,400010002000548
5393,2018-05-29,2018-05-27,880.85,400010002000636
5394,2018-05-29,2018-05-27,859.80,400010002000582
5395,2018-05-29,2018-05-27,767.08,400010002000588
5396,2018-05-29,2018-05-27,851.57,400010002000873
5397,2018-05-29,2018-05-27,716.93,400010002000484
5398,2018-05-29,2018-05-27,473.57,400010002000068
5399,2018-05-29,2018-05-27,853.62,400010002000922
5400,2018-05-29,2018-05-27,152.64,400010002000366
5401,2018-05-29,2018-05-27,856.49,400010002000818
5402,2018-05-29,2018-05-27,758.66,400010002000185
5403,2018-05-29,2018-05-27,300.47,400010002000994
5404,2018-05-29,2018-05-27,5.53,400010002000680
5405,2018-05-29,2018-05-27,914.61,400010002000107
5406,2018-05-29,2018-05-27,246.79,400010002000919
5407,2018-05-29,2018-05-27,456.13,400010002000959
5408,2018-05-29,2018-05-27,966.25,400010002000408
5409,2018-05-29,2018-05-27,143.54,400010002000614
5410,2018-05-29,2018-05-27,214.35,400010002000923
5411,2018-05-29,2018-05-27,495.55,400010002000160
5412,2018-05-29,2018-05-27,347.30,400010002000291
5413,2018-05-29,2018-05-27,982.34,400010002000156
5414,2018-05-29,2018-05-27,688.83,400010002000815
5415,2018-05-29,2018-05-27,111.25,400010002000006
5416,2018-05-29,2018-05-27,153.20,400010002000586
5417,2018-05-29,2018-05-27,441.28,400010002000538
5418,2018-05-29,2018-05-27,443.45,400010002000747
5419,2018-05-29,2018-05-27,549.02,400010002000060
5420,2018-05-29,2018-05-27,170.24,400010002000143
5421,2018-05-29,2018-05-27,153.06,400010002000038
5422,2018-05-29,2018-05-27,124.34,400010002000448
5423,2018-05-29,2018-05-27,445.15,400010002000323
5424,2018-05-29,2018-05-27,979.79,400010002000005
5425,2018-05-29,2018-05-27,172.85,400010002000551
5426,2018-05-29,2018-05-27,904.93,400010002000133
5427,2018-05-29,2018-05-27,172.33,400010002000948
5428,2018-05-29,2018-05-27,914.90,400010002000558
5429,2018-05-29,2018-05-27,859.20,400010002000251
5430,2018-05-29,2018-05-27,312.06,400010002000987
5431,2018-05-29,2018-05-27,651.08,400010002000889
5432,2018-05-29,2018-05-27,229.49,400010002000566
5433,2018-05-29,2018-05-27,417.91,400010002000895
5434,2018-05-29,2018-05-27,118.20,400010002000119
5435,2018-05-29,2018-05-27,834.00,400010002000196
5436,2018-05-29,2018-05-27,999.83,400010002000603
5437,2018-05-29,2018-05-27,940.77,400010002000124
5438,2018-05-29,2018-05-27,444.57,400010002000187
5439,2018-05-29,2018-05-27,319.57,400010002000970
5440,2018-05-29,2018-05-27,527.83,400010002000717
5441,2018-05-29,2018-05-27,21.29,400010002000376
5442,2018-05-29,2018-05-27,469.42,400010002000106
5443,2018-05-29,2018-05-27,802.77,400010002000207
5444,2018-05-29,2018-05-27,265.52,400010002000354
5445,2018-05-29,2018-05-27,279.41,400010002000277
5446,2018-05-29,2018-05-27,386.20,400010002000513
5447,2018-05-29,2018-05-27,319.45,400010002000009
5448,2018-05-29,2018-05-27,530.50,400010002000851
5449,2018-05-29,2018-05-27,377.27,400010002000616
5450,2018-05-29,2018-05-27,506.05,400010002000930
5451,2018-05-29,2018-05-27,491.47,400010002000922
5452,2018-05-29,2018-05-27,531.67,400010002000052
5453,2018-05-29,2018-05-27,358.02,400010002000281
5454,2018-05-29,2018-05-27,649.22,400010002000782
5455,2018-05-29,2018-05-27,229.66,400010002000363
5456,2018-05-29,2018-05-27,474.83,400010002000841
5457,2018-05-29,2018-05-27,389.70,400010002000750
5458,2018-05-29,2018-05-27,219.78,400010002000706
5459,2018-05-29,2018-05-27,601.71,400010002000400
5460,2018-05-29,2018-05-27,767.81,400010002000649
5461,2018-05-29,2018-05-27,246.30,400010002000024
5462,2018-05-29,2018-05-27,608.42,400010002000829
5463,2018-05-29,2018-05-27,821.81,400010002000356
5464,2018-05-29,2018-05-27,594.44,400010002000230
5465,2018-05-29,2018-05-27,107.90,400010002000088
5466,2018-05-29,2018-05-27,817.61,400010002000935
5467,2018-05-29,2018-05-27,569.36,400010002000981
5468,2018-05-29,2018-05-27,377.11,400010002000258
5469,2018-05-29,2018-05-27,512.05,400010002000290
5470,2018-05-29,2018-05-27,453.84,400010002000694
5471,2018-05-29,2018-05-27,93.52,400010002000179
5472,2018-05-29,2018-05-27,897.25,400010002000555
5473,2018-05-29,2018-05-27,538.33,400010002000231
5474,2018-05-29,2018-05-27,481.34,400010002000390
5475,2018-05-29,2018-05-27,810.80,400010002000534
5476,2018-05-29,2018-05-27,93.48,400010002000984
5477,2018-05-29,2018-05-27,558.20,400010002000041
5478,2018-05-29,2018-05-27,381.89,400010002000816
5479,2018-05-29,2018-05-27,352.60,400010002000110
5480,2018-05-29,2018-05-27,806.74,400010002000325
5481,2018-05-29,2018-05-27,132.06,400010002000147
5482,2018-05-29,2018-05-27,615.23,400010002000260
5483,2018-05-29,2018-05-27,269.91,400010002000285
5484,2018-05-29,2018-05-27,992.05,400010002000666
5485,2018-05-29,2018-05-27,885.70,400010002000904
5486,2018-05-29,2018-05-27,524.63,400010002000765
5487,2018-05-29,2018-05-27,851.93,400010002000575
5488,2018-05-29,2018-05-27,166.49,400010002000136
5489,2018-05-29,2018-05-27,448.01,400010002000697
5490,2018-05-29,2018-05-27,82.03,400010002000078
5491,2018-05-29,2018-05-27,765.93,400010002000727
5492,2018-05-29,2018-05-27,112.77,400010002000998
5493,2018-05-29,2018-05-27,782.12,400010002000372
5494,2018-05-29,2018-05-27,117.49,400010002000978
5495,2018-05-29,2018-05-27,475.17,400010002000532
5496,2018-05-29,2018-05-27,108.03,400010002000434
5497,2018-05-29,2018-05-27,491.93,400010002000127
5498,2018-05-29,2018-05-27,927.25,400010002000900
5499,2018-05-29,2018-05-27,642.02,400010002000117
5500,2018-05-29,2018-05-27,197.44,400010002000553
5501,2018-05-29,2018-05-27,936.06,400010002000203
5502,2018-05-29,2018-05-27,405.12,400010002000025
5503,2018-05-29,2018-05-27,973.25,400010002000698
5504,2018-05-29,2018-05-27,281.94,400010002000426
5505,2018-05-29,2018-05-27,231.26,400010002000011
5506,2018-05-29,2018-05-27,91.67,400010002000276
5507,2018-05-29,2018-05-27,214.62,400010002000041
5508,2018-05-29,2018-05-27,39.94,400010002000205
5509,2018-05-29,2018-05-27,477.36,400010002000535
5510,2018-05-29,2018-05-27,785.63,400010002000885
5511,2018-05-29,2018-05-27,251.62,400010002000098
5512,2018-05-29,2018-05-27,952.21,400010002000624
5513,2018-05-29,2018-05-27,785.68,400010002000152
5514,2018-05-29,2018-05-27,612.25,400010002000466
5515,2018-05-29,2018-05-27,523.63,400010002000581
5516,2018-05-29,2018-05-27,949.76,400010002000431
5517,2018-05-29,2018-05-27,943.06,400010002000201
5518,2018-05-29,2018-05-27,693.01,400010002000752
5519,2018-05-29,2018-05-27,208.30,400010002000450
5520,2018-05-29,2018-05-27,453.98,400010002000549
5521,2018-05-29,2018-05-27,793.46,400010002000942
5522,2018-05-29,2018-05-27,811.19,400010002000447
5523,2018-05-29,2018-05-27,883.34,400010002000549
5524,2018-05-29,2018-05-27,828.82,400010002000026
5525,2018-05-29,2018-05-27,669.16,400010002000754
5526,2018-05-29,2018-05-27,717.95,400010002000850
5527,2018-05-29,2018-05-27,622.70,400010002000887
5528,2018-05-29,2018-05-27,514.40,400010002000066
5529,2018-05-29,2018-05-27,453.65,400010002000679
5530,2018-05-29,2018-05-27,973.34,400010002000179
5531,2018-05-29,2018-05-27,734.13,400010002000305
5532,2018-05-29,2018-05-27,361.56,400010002000698
5533,2018-05-29,2018-05-27,108.15,400010002000701
5534,2018-05-29,2018-05-27,466.84,400010002000779
5535,2018-05-29,2018-05-27,595.23,400010002000499
5536,2018-05-29,2018-05-27,936.97,400010002000874
5537,2018-05-29,2018-05-27,743.95,400010002000337
5538,2018-05-29,2018-05-27,11.90,400010002000637
5539,2018-05-29,2018-05-27,294.97,400010002000665
5540,2018-05-29,2018-05-27,818.31,400010002000064
5541,2018-05-29,2018-05-27,572.33,400010002000439
5542,2018-05-29,2018-05-27,659.11,400010002000869
5543,2018-05-29,2018-05-27,37.70,400010002000222
5544,2018-05-29,2018-05-27,148.97,400010002000631
5545,2018-05-29,2018-05-27,314.45,400010002000296
5546,2018-05-29,2018-05-27,622.37,400010002000123
5547,2018-05-29,2018-05-27,516.72,400010002000383
5548,2018-05-29,2018-05-27,971.95,400010002000543
5549,2018-05-29,2018-05-27,902.90,400010002000405
5550,2018-05-29,2018-05-27,962.82,400010002000060
5551,2018-05-29,2018-05-27,714.44,400010002000543
5552,2018-05-29,2018-05-27,112.30,400010002000232
5553,2018-05-29,2018-05-27,557.14,400010002000533
5554,2018-05-29,2018-05-27,424.79,400010002000341
5555,2018-05-29,2018-05-27,836.14,400010002000719
5556,2018-05-29,2018-05-27,627.85,400010002000635
5557,2018-05-29,2018-05-27,564.86,400010002000922
5558,2018-05-29,2018-05-27,68.55,400010002000802
5559,2018-05-29,2018-05-27,334.32,400010002000553
5560,2018-05-29,2018-05-27,97.55,400010002000728
5561,2018-05-29,2018-05-27,351.13,400010002000760
5562,2018-05-29,2018-05-27,594.24,400010002000739
5563,2018-05-29,2018-05-27,230.79,400010002000586
5564,2018-05-29,2018-05-27,267.10,400010002000102
5565,2018-05-29,2018-05-27,667.63,400010002000267
5566,2018-05-29,2018-05-27,501.56,400010002000472
5567,2018-05-29,2018-05-27,193.42,400010002000820
5568,2018-05-29,2018-05-27,821.35,400010002000384
5569,2018-05-29,2018-05-27,983.73,400010002000031
5570,2018-05-29,2018-05-27,479.71,400010002000629
5571,2018-05-29,2018-05-27,74.61,400010002000782
5572,2018-05-29,2018-05-27,302.98,400010002000543
5573,2018-05-29,2018-05-27,411.57,400010002000432
5574,2018-05-29,2018-05-27,672.23,400010002000811
5575,2018-05-29,2018-05-27,868.57,400010002000599
5576,2018-05-29,2018-05-27,447.03,400010002000395
5577,2018-05-29,2018-05-27,747.26,400010002000295
5578,2018-05-29,2018-05-27,711.11,400010002000569
5579,2018-05-29,2018-05-27,294.34,400010002000804
5580,2018-05-29,2018-05-27,450.78,400010002000857
5581,2018-05-29,2018-05-27,460.08,400010002000102
5582,2018-05-29,2018-05-27,664.81,400010002000880
5583,2018-05-29,2018-05-27,461.65,400010002000875
5584,2018-05-29,2018-05-27,948.53,400010002000733
5585,2018-05-29,2018-05-27,711.73,400010002000414
5586,2018-05-29,2018-05-27,294.70,400010002000518
5587,2018-05-29,2018-05-27,326.68,400010002000740
5588,2018-05-29,2018-05-27,710.81,400010002000110
5589,2018-05-29,2018-05-27,737.75,400010002000332
5590,2018-05-29,2018-05-27,264.41,400010002000039
5591,2018-05-29,2018-05-27,894.64,400010002000734
5592,2018-05-29,2018-05-27,337.58,400010002000643
5593,2018-05-29,2018-05-27,173.12,400010002000135
5594,2018-05-29,2018-05-27,196.69,400010002000259
5595,2018-05-29,2018-05-27,376.30,400010002000750
5596,2018-05-29,2018-05-27,464.82,400010002000290
5597,2018-05-29,2018-05-27,154.01,400010002000440
5598,2018-05-29,2018-05-27,722.27,400010002000442
5599,2018-05-29,2018-05-27,755.49,400010002000570
5600,2018-05-29,2018-05-27,254.25,400010002000291
5601,2018-05-29,2018-05-27,277.68,400010002000516
5602,2018-05-29,2018-05-27,915.20,400010002000593
5603,2018-05-29,2018-05-27,474.55,400010002000619
5604,2018-05-29,2018-05-27,185.54,400010002000457
5605,2018-05-29,2018-05-27,752.79,400010002000597
5606,2018-05-29,2018-05-27,759.37,400010002000552
5607,2018-05-29,2018-05-27,194.77,400010002000622
5608,2018-05-29,2018-05-27,420.64,400010002000043
5609,2018-05-29,2018-05-27,321.79,400010002000318
5610,2018-05-29,2018-05-27,540.48,400010002000802
5611,2018-05-29,2018-05-27,838.98,400010002000907
5612,2018-05-29,2018-05-27,259.67,400010002000789
5613,2018-05-29,2018-05-27,787.82,400010002000634
5614,2018-05-29,2018-05-27,308.27,400010002000175
5615,2018-05-29,2018-05-27,373.06,400010002000346
5616,2018-05-29,2018-05-27,457.99,400010002000899
5617,2018-05-29,2018-05-27,227.76,400010002000841
5618,2018-05-29,2018-05-27,803.35,400010002000879
5619,2018-05-29,2018-05-27,33.69,400010002000163
5620,2018-05-29,2018-05-27,423.98,400010002000026
5621,2018-05-29,2018-05-27,223.79,400010002000547
5622,2018-05-29,2018-05-27,493.22,400010002000518
5623,2018-05-29,2018-05-27,959.17,400010002000110
5624,2018-05-29,2018-05-27,566.95,400010002000567
5625,2018-05-29,2018-05-27,695.30,400010002000729
5626,2018-05-29,2018-05-27,612.03,400010002000035
5627,2018-05-29,2018-05-27,430.39,400010002000735
5628,2018-05-29,2018-05-27,314.86,400010002000800
5629,2018-05-29,2018-05-27,163.23,400010002000216
5630,2018-05-29,2018-05-27,348.60,400010002000758
5631,2018-05-29,2018-05-27,179.10,400010002000737
5632,2018-05-29,2018-05-27,571.25,400010002000685
5633,2018-05-29,2018-05-27,528.89,400010002000228
5634,2018-05-29,2018-05-27,577.18,400010002000964
5635,2018-05-29,2018-05-27,470.28,400010002000655
5636,2018-05-29,2018-05-27,631.02,400010002000366
5637,2018-05-29,2018-05-27,699.23,400010002000828
5638,2018-05-29,2018-05-27,775.60,400010002000643
5639,2018-05-29,2018-05-27,915.85,400010002000362
5640,2018-05-29,2018-05-27,824.53,400010002000682
5641,2018-05-29,2018-05-27,640.77,400010002000396
5642,2018-05-29,2018-05-27,25.22,400010002000389
5643,2018-05-29,2018-05-27,226.68,400010002000112
5644,2018-05-29,2018-05-27,409.55,400010002000229
5645,2018-05-29,2018-05-27,693.89,400010002000504
5646,2018-05-29,2018-05-27,237.23,400010002000596
5647,2018-05-29,2018-05-27,359.90,400010002000134
5648,2018-05-29,2018-05-27,480.58,400010002000788
5649,2018-05-29,2018-05-27,229.90,400010002000779
5650,2018-05-29,2018-05-27,999.95,400010002000370
5651,2018-05-29,2018-05-27,768.52,400010002000997
5652,2018-05-29,2018-05-27,915.19,400010002000156
5653,2018-05-29,2018-05-27,982.58,400010002000643
5654,2018-05-29,2018-05-27,691.51,400010002000856
5655,2018-05-29,2018-05-27,710.57,400010002000246
5656,2018-05-29,2018-05-27,626.72,400010002000687
5657,2018-05-29,2018-05-27,636.52,400010002000033
5658,2018-05-29,2018-05-27,752.48,400010002000884
5659,2018-05-29,2018-05-27,824.49,400010002000042
5660,2018-05-29,2018-05-27,643.00,400010002000096
5661,2018-05-29,2018-05-27,503.99,400010002000458
5662,2018-05-29,2018-05-27,263.08,400010002000125
5663,2018-05-29,2018-05-27,428.12,400010002000795
5664,2018-05-29,2018-05-27,780.60,400010002000317
5665,2018-05-29,2018-05-27,372.65,400010002000017
5666,2018-05-29,2018-05-27,219.36,400010002000175
5667,2018-05-29,2018-05-27,248.07,400010002000031
5668,2018-05-29,2018-05-27,934.14,400010002000483
5669,2018-05-29,2018-05-27,855.93,400010002000234
5670,2018-05-29,2018-05-27,152.98,400010002000244
5671,2018-05-29,2018-05-27,536.65,400010002000976
5672,2018-05-29,2018-05-27,250.17,400010002000307
5673,2018-05-29,2018-05-27,828.23,400010002000831
5674,2018-05-29,2018-05-27,989.08,400010002000375
5675,2018-05-29,2018-05-27,783.32,400010002000600
5676,2018-05-29,2018-05-27,705.11,400010002000439
5677,2018-05-29,2018-05-27,776.92,400010002000785
5678,2018-05-29,2018-05-27,286.77,400010002000379
5679,2018-05-29,2018-05-27,477.74,400010002000108
5680,2018-05-29,2018-05-27,856.99,400010002000571
5681,2018-05-29,2018-05-27,153.17,400010002000314
5682,2018-05-29,2018-05-27,256.80,400010002000888
5683,2018-05-29,2018-05-27,631.40,400010002000115
5684,2018-05-29,2018-05-27,790.14,400010002000373
5685,2018-05-29,2018-05-27,53.62,400010002000616
5686,2018-05-29,2018-05-27,200.91,400010002000236
5687,2018-05-29,2018-05-27,14.92,400010002000994
5688,2018-05-29,2018-05-27,522.82,400010002000533
5689,2018-05-29,2018-05-27,815.06,400010002000506
5690,2018-05-29,2018-05-27,267.38,400010002000053
5691,2018-05-29,2018-05-27,317.96,400010002000135
5692,2018-05-29,2018-05-27,396.92,400010002000469
5693,2018-05-29,2018-05-27,353.91,400010002000299
5694,2018-05-29,2018-05-27,667.40,400010002000790
5695,2018-05-29,2018-05-27,688.89,400010002000107
5696,2018-05-29,2018-05-27,219.49,400010002000505
5697,2018-05-29,2018-05-27,332.77,400010002000556
5698,2018-05-29,2018-05-27,746.66,400010002000567
5699,2018-05-29,2018-05-27,361.20,400010002000952
5700,2018-05-29,2018-05-27,175.60,400010002000571
5701,2018-05-29,2018-05-27,485.90,400010002000552
5702,2018-05-29,2018-05-27,556.77,400010002000036
5703,2018-05-29,2018-05-27,323.55,400010002000113
5704,2018-05-29,2018-05-27,781.98,400010002000710
5705,2018-05-29,2018-05-27,685.76,400010002000593
5706,2018-05-29,2018-05-27,821.07,400010002000187
5707,2018-05-29,2018-05-27,240.82,400010002000720
5708,2018-05-29,2018-05-27,401.08,400010002000967
5709,2018-05-29,2018-05-27,582.62,400010002000524
5710,2018-05-29,2018-05-27,439.27,400010002000257
5711,2018-05-29,2018-05-27,82.77,400010002000229
5712,2018-05-29,2018-05-27,84.93,400010002000442
5713,2018-05-29,2018-05-27,899.20,400010002000059
5714,2018-05-29,2018-05-27,925.51,400010002000192
5715,2018-05-29,2018-05-27,167.71,400010002000660
5716,2018-05-29,2018-05-27,768.57,400010002000562
5717,2018-05-29,2018-05-27,712.53,400010002000791
5718,2018-05-29,2018-05-27,424.39,400010002000312
5719,2018-05-29,2018-05-27,577.97,400010002000902
5720,2018-05-29,2018-05-27,82.28,400010002000881
5721,2018-05-29,2018-05-27,304.86,400010002000987
5722,2018-05-29,2018-05-27,199.45,400010002000124
5723,2018-05-29,2018-05-27,154.36,400010002000850
5724,2018-05-29,2018-05-27,302.42,400010002000947
5725,2018-05-29,2018-05-27,415.82,400010002000552
5726,2018-05-29,2018-05-27,738.66,400010002000448
5727,2018-05-29,2018-05-27,526.49,400010002000333
5728,2018-05-29,2018-05-27,210.25,400010002000043
5729,2018-05-29,2018-05-27,977.78,400010002000746
5730,2018-05-29,2018-05-27,871.42,400010002000290
5731,2018-05-29,2018-05-27,886.17,400010002000099
5732,2018-05-29,2018-05-27,878.26,400010002000859
5733,2018-05-29,2018-05-27,666.45,400010002000545
5734,2018-05-29,2018-05-27,541.70,400010002000126
5735,2018-05-29,2018-05-27,460.72,400010002000324
5736,2018-05-29,2018-05-27,653.66,400010002000379
5737,2018-05-29,2018-05-27,848.75,400010002000739
5738,2018-05-29,2018-05-27,131.68,400010002000538
5739,2018-05-29,2018-05-27,893.43,400010002000396
5740,2018-05-29,2018-05-27,858.41,400010002000548
5741,2018-05-29,2018-05-27,760.01,400010002000150
5742,2018-05-29,2018-05-27,480.59,400010002000366
5743,2018-05-29,2018-05-27,988.01,400010002000959
5744,2018-05-29,2018-05-27,975.44,400010002000520
5745,2018-05-29,2018-05-27,992.51,400010002000558
5746,2018-05-29,2018-05-27,993.21,400010002000803
5747,2018-05-29,2018-05-27,524.17,400010002000449
5748,2018-05-29,2018-05-27,340.55,400010002000523
5749,2018-05-29,2018-05-27,627.36,400010002000223
5750,2018-05-29,2018-05-27,482.50,400010002000119
5751,2018-05-29,2018-05-27,101.37,400010002000622
5752,2018-05-29,2018-05-27,609.46,400010002000663
5753,2018-05-29,2018-05-27,591.82,400010002000098
5754,2018-05-29,2018-05-27,641.02,400010002000921
5755,2018-05-29,2018-05-27,217.70,400010002000802
5756,2018-05-29,2018-05-27,519.70,400010002000199
5757,2018-05-29,2018-05-27,74.03,400010002000114
5758,2018-05-29,2018-05-27,285.59,400010002000151
5759,2018-05-29,2018-05-27,40.96,400010002000840
5760,2018-05-29,2018-05-27,716.64,400010002000103
5761,2018-05-29,2018-05-27,77.21,400010002000126
5762,2018-05-29,2018-05-27,769.68,400010002000214
5763,2018-05-29,2018-05-27,579.02,400010002000031
5764,2018-05-29,2018-05-27,663.47,400010002000945
5765,2018-05-29,2018-05-27,445.40,400010002000411
5766,2018-05-29,2018-05-27,208.21,400010002000949
5767,2018-05-29,2018-05-27,206.36,400010002000461
5768,2018-05-29,2018-05-27,904.35,400010002000412
5769,2018-05-29,2018-05-27,942.62,400010002000808
5770,2018-05-29,2018-05-27,409.14,400010002000338
5771,2018-05-29,2018-05-27,753.97,400010002000534
5772,2018-05-29,2018-05-27,200.59,400010002000013
5773,2018-05-29,2018-05-27,217.71,400010002000878
5774,2018-05-29,2018-05-27,656.41,400010002000147
5775,2018-05-29,2018-05-27,619.58,400010002000667
5776,2018-05-29,2018-05-27,309.08,400010002000757
5777,2018-05-29,2018-05-27,736.69,400010002000692
5778,2018-05-29,2018-05-27,738.88,400010002000915
5779,2018-05-29,2018-05-27,605.16,400010002000385
5780,2018-05-29,2018-05-27,422.73,400010002000875
5781,2018-05-29,2018-05-27,14.77,400010002000107
5782,2018-05-29,2018-05-27,869.64,400010002000972
5783,2018-05-29,2018-05-27,438.92,400010002000312
5784,2018-05-29,2018-05-27,542.38,400010002000868
5785,2018-05-29,2018-05-27,729.98,400010002000650
5786,2018-05-29,2018-05-27,390.30,400010002000416
5787,2018-05-29,2018-05-27,188.66,400010002000786
5788,2018-05-29,2018-05-27,299.59,400010002000445
5789,2018-05-29,2018-05-27,550.52,400010002000371
5790,2018-05-29,2018-05-27,404.84,400010002000208
5791,2018-05-29,2018-05-27,23.56,400010002000100
5792,2018-05-29,2018-05-27,1000.10,400010002000146
5793,2018-05-29,2018-05-27,757.83,400010002000274
5794,2018-05-29,2018-05-27,737.39,400010002000832
5795,2018-05-29,2018-05-27,31.53,400010002000593
5796,2018-05-29,2018-05-27,907.25,400010002000699
5797,2018-05-29,2018-05-27,997.35,400010002000195
5798,2018-05-29,2018-05-27,858.72,400010002000180
5799,2018-05-29,2018-05-27,48.95,400010002000090
5800,2018-05-29,2018-05-27,34.94,400010002000420
5801,2018-05-29,2018-05-27,739.13,400010002000234
5802,2018-05-29,2018-05-27,675.69,400010002000598
5803,2018-05-29,2018-05-27,710.08,400010002000425
5804,2018-05-29,2018-05-27,969.87,400010002000193
5805,2018-05-29,2018-05-27,280.18,400010002000119
5806,2018-05-29,2018-05-27,328.41,400010002000258
5807,2018-05-29,2018-05-27,172.96,400010002000033
5808,2018-05-29,2018-05-27,492.20,400010002000847
5809,2018-05-29,2018-05-27,370.74,400010002000088
5810,2018-05-29,2018-05-27,389.55,400010002000297
5811,2018-05-29,2018-05-27,228.94,400010002000857
5812,2018-05-29,2018-05-27,14.60,400010002000968
5813,2018-05-29,2018-05-27,796.35,400010002000183
5814,2018-05-29,2018-05-27,110.30,400010002000381
5815,2018-05-29,2018-05-27,752.86,400010002000044
5816,2018-05-29,2018-05-27,108.86,400010002000453
5817,2018-05-29,2018-05-27,497.83,400010002000049
5818,2018-05-29,2018-05-27,607.62,400010002000634
5819,2018-05-29,2018-05-27,700.88,400010002000192
5820,2018-05-29,2018-05-27,639.81,400010002000355
5821,2018-05-29,2018-05-27,61.28,400010002000607
5822,2018-05-29,2018-05-27,137.21,400010002000100
5823,2018-05-29,2018-05-27,113.04,400010002000104
5824,2018-05-29,2018-05-27,275.98,400010002000822
5825,2018-05-29,2018-05-27,659.89,400010002000215
5826,2018-05-29,2018-05-27,846.71,400010002000169
5827,2018-05-29,2018-05-27,827.48,400010002000320
5828,2018-05-29,2018-05-27,396.58,400010002000174
5829,2018-05-29,2018-05-27,779.91,400010002000184
5830,2018-05-29,2018-05-27,653.86,400010002000638
5831,2018-05-29,2018-05-27,863.51,400010002000893
5832,2018-05-29,2018-05-27,664.30,400010002000431
5833,2018-05-29,2018-05-27,312.55,400010002000750
5834,2018-05-29,2018-05-27,143.82,400010002000334
5835,2018-05-29,2018-05-27,680.44,400010002000154
5836,2018-05-29,2018-05-27,783.49,400010002000828
5837,2018-05-29,2018-05-27,843.94,400010002000881
5838,2018-05-29,2018-05-27,630.57,400010002000476
5839,2018-05-29,2018-05-27,769.21,400010002000459
5840,2018-05-29,2018-05-27,213.20,400010002000127
5841,2018-05-29,2018-05-27,225.24,400010002000523
5842,2018-05-29,2018-05-27,776.54,400010002000206
5843,2018-05-29,2018-05-27,283.88,400010002000148
5844,2018-05-29,2018-05-27,854.69,400010002000784
5845,2018-05-29,2018-05-27,754.80,400010002000144
5846,2018-05-29,2018-05-27,415.30,400010002000951
5847,2018-05-29,2018-05-27,670.06,400010002000213
5848,2018-05-29,2018-05-27,982.86,400010002000246
5849,2018-05-29,2018-05-27,554.54,400010002000706
5850,2018-05-29,2018-05-27,471.68,400010002000560
5851,2018-05-29,2018-05-27,497.20,400010002000403
5852,2018-05-29,2018-05-27,941.21,400010002000963
5853,2018-05-29,2018-05-27,972.45,400010002000409
5854,2018-05-29,2018-05-27,123.90,400010002000378
5855,2018-05-29,2018-05-27,951.85,400010002000764
5856,2018-05-29,2018-05-27,369.78,400010002000883
5857,2018-05-29,2018-05-27,93.38,400010002000830
5858,2018-05-29,2018-05-27,602.22,400010002000687
5859,2018-05-29,2018-05-27,698.91,400010002000848
5860,2018-05-29,2018-05-27,985.64,400010002000510
5861,2018-05-29,2018-05-27,689.97,400010002000325
5862,2018-05-29,2018-05-27,268.70,400010002000192
5863,2018-05-29,2018-05-27,67.85,400010002000077
5864,2018-05-29,2018-05-27,185.52,400010002000801
5865,2018-05-29,2018-05-27,195.99,400010002000793
5866,2018-05-29,2018-05-27,872.51,400010002000477
5867,2018-05-29,2018-05-27,771.08,400010002000006
5868,2018-05-29,2018-05-27,989.98,400010002000470
5869,2018-05-29,2018-05-27,533.87,400010002000181
5870,2018-05-29,2018-05-27,125.38,400010002000605
5871,2018-05-29,2018-05-27,611.25,400010002000469
5872,2018-05-29,2018-05-27,98.78,400010002000488
5873,2018-05-29,2018-05-27,878.65,400010002000331
5874,2018-05-29,2018-05-27,991.75,400010002000285
5875,2018-05-29,2018-05-27,884.74,400010002000846
5876,2018-05-29,2018-05-27,76.88,400010002000846
5877,2018-05-29,2018-05-27,690.24,400010002000038
5878,2018-05-29,2018-05-27,338.06,400010002000290
5879,2018-05-29,2018-05-27,438.32,400010002000939
5880,2018-05-29,2018-05-27,940.69,400010002000856
5881,2018-05-29,2018-05-27,596.18,400010002000439
5882,2018-05-29,2018-05-27,835.80,400010002000048
5883,2018-05-29,2018-05-27,585.87,400010002000206
5884,2018-05-29,2018-05-27,664.05,400010002000568
5885,2018-05-29,2018-05-27,956.68,400010002000073
5886,2018-05-29,2018-05-27,262.76,400010002000575
5887,2018-05-29,2018-05-27,342.43,400010002000321
5888,2018-05-29,2018-05-27,373.44,400010002000086
5889,2018-05-29,2018-05-27,194.28,400010002000259
5890,2018-05-29,2018-05-27,597.18,400010002000188
5891,2018-05-29,2018-05-27,682.36,400010002000313
5892,2018-05-29,2018-05-27,252.07,400010002000840
5893,2018-05-29,2018-05-27,219.93,400010002000623
5894,2018-05-29,2018-05-27,549.07,400010002000665
5895,2018-05-29,2018-05-27,778.82,400010002000777
5896,2018-05-29,2018-05-27,422.18,400010002000117
5897,2018-05-29,2018-05-27,537.58,400010002000914
5898,2018-05-29,2018-05-27,423.48,400010002000779
5899,2018-05-29,2018-05-27,431.59,400010002000872
5900,2018-05-29,2018-05-27,325.38,400010002000392
5901,2018-05-29,2018-05-27,859.41,400010002000447
5902,2018-05-29,2018-05-27,460.11,400010002000382
5903,2018-05-29,2018-05-27,140.10,400010002000122
5904,2018-05-29,2018-05-27,370.18,400010002000279
5905,2018-05-29,2018-05-27,313.53,400010002000809
5906,2018-05-29,2018-05-27,43.89,400010002000474
5907,2018-05-29,2018-05-27,528.92,400010002000242
5908,2018-05-29,2018-05-27,866.62,400010002000125
5909,2018-05-29,2018-05-27,576.44,400010002000680
5910,2018-05-29,2018-05-27,430.85,400010002000916
5911,2018-05-29,2018-05-27,82.59,400010002000475
5912,2018-05-29,2018-05-27,517.26,400010002000575
5913,2018-05-29,2018-05-27,512.02,400010002000880
5914,2018-05-29,2018-05-27,884.17,400010002000721
5915,2018-05-29,2018-05-27,396.87,400010002000197
5916,2018-05-29,2018-05-27,984.19,400010002000644
5917,2018-05-29,2018-05-27,149.28,400010002000011
5918,2018-05-29,2018-05-27,364.56,400010002000108
5919,2018-05-29,2018-05-27,403.45,400010002000749
5920,2018-05-29,2018-05-27,301.57,400010002000098
5921,2018-05-29,2018-05-27,80.81,400010002000306
5922,2018-05-29,2018-05-27,169.80,400010002000728
5923,2018-05-29,2018-05-27,275.13,400010002000766
5924,2018-05-29,2018-05-27,153.18,400010002000196
5925,2018-05-29,2018-05-27,613.95,400010002000551
5926,2018-05-29,2018-05-27,167.73,400010002000747
5927,2018-05-29,2018-05-27,968.54,400010002000466
5928,2018-05-29,2018-05-27,284.60,400010002000102
5929,2018-05-29,2018-05-27,256.77,400010002000179
5930,2018-05-29,2018-05-27,517.45,400010002000714
5931,2018-05-29,2018-05-27,611.36,400010002000653
5932,2018-05-29,2018-05-27,569.47,400010002000495
5933,2018-05-29,2018-05-27,370.83,400010002000924
5934,2018-05-29,2018-05-27,23.08,400010002000382
5935,2018-05-29,2018-05-27,191.12,400010002000412
5936,2018-05-29,2018-05-27,499.42,400010002000213
5937,2018-05-29,2018-05-27,72.82,400010002000624
5938,2018-05-29,2018-05-27,514.70,400010002000918
5939,2018-05-29,2018-05-27,252.68,400010002000742
5940,2018-05-29,2018-05-27,117.18,400010002000942
5941,2018-05-29,2018-05-27,717.03,400010002000052
5942,2018-05-29,2018-05-27,901.00,400010002000162
5943,2018-05-29,2018-05-27,561.23,400010002000615
5944,2018-05-29,2018-05-27,662.33,400010002000286
5945,2018-05-29,2018-05-27,540.74,400010002000883
5946,2018-05-29,2018-05-27,788.11,400010002000884
5947,2018-05-29,2018-05-27,938.08,400010002000186
5948,2018-05-29,2018-05-27,449.42,400010002000743
5949,2018-05-29,2018-05-27,304.55,400010002000155
5950,2018-05-29,2018-05-27,809.21,400010002000189
5951,2018-05-29,2018-05-27,726.02,400010002000166
5952,2018-05-29,2018-05-27,747.69,400010002000404
5953,2018-05-29,2018-05-27,9.68,400010002000853
5954,2018-05-29,2018-05-27,59.46,400010002000515
5955,2018-05-29,2018-05-27,591.53,400010002000572
5956,2018-05-29,2018-05-27,682.27,400010002000418
5957,2018-05-29,2018-05-27,24.24,400010002000455
5958,2018-05-29,2018-05-27,280.67,400010002000893
5959,2018-05-29,2018-05-27,620.68,400010002000360
5960,2018-05-29,2018-05-27,426.05,400010002000525
5961,2018-05-29,2018-05-27,200.55,400010002000581
5962,2018-05-29,2018-05-27,690.39,400010002000391
5963,2018-05-29,2018-05-27,915.85,400010002000671
5964,2018-05-29,2018-05-27,202.05,400010002000210
5965,2018-05-29,2018-05-27,815.51,400010002000086
5966,2018-05-29,2018-05-27,599.85,400010002000928
5967,2018-05-29,2018-05-27,150.27,400010002000678
5968,2018-05-29,2018-05-27,865.59,400010002000273
5969,2018-05-29,2018-05-27,416.07,400010002000219
5970,2018-05-29,2018-05-27,215.27,400010002000867
5971,2018-05-29,2018-05-27,787.41,400010002000275
5972,2018-05-29,2018-05-27,85.91,400010002000879
5973,2018-05-29,2018-05-27,901.82,400010002000716
5974,2018-05-29,2018-05-27,267.21,400010002000085
5975,2018-05-29,2018-05-27,922.29,400010002000097
5976,2018-05-29,2018-05-27,396.79,400010002000369
5977,2018-05-29,2018-05-27,426.71,400010002000929
5978,2018-05-29,2018-05-27,362.30,400010002000426
5979,2018-05-29,2018-05-27,951.62,400010002000606
5980,2018-05-29,2018-05-27,635.63,400010002000402
5981,2018-05-29,2018-05-27,951.99,400010002000369
5982,2018-05-29,2018-05-27,202.01,400010002000725
5983,2018-05-29,2018-05-27,530.02,400010002000234
5984,2018-05-29,2018-05-27,540.49,400010002000214
5985,2018-05-29,2018-05-27,532.35,400010002000255
5986,2018-05-29,2018-05-27,62.97,400010002000819
5987,2018-05-29,2018-05-27,519.11,400010002000818
5988,2018-05-29,2018-05-27,524.81,400010002000056
5989,2018-05-29,2018-05-27,667.27,400010002000960
5990,2018-05-29,2018-05-27,183.34,400010002000234
5991,2018-05-29,2018-05-27,886.69,400010002000821
5992,2018-05-29,2018-05-27,899.07,400010002000107
5993,2018-05-29,2018-05-27,299.72,400010002000441
5994,2018-05-29,2018-05-27,949.78,400010002000458
5995,2018-05-29,2018-05-27,762.86,400010002000070
5996,2018-05-29,2018-05-27,59.21,400010002000407
5997,2018-05-29,2018-05-27,294.14,400010002000034
5998,2018-05-29,2018-05-27,29.54,400010002000992
5999,2018-05-29,2018-05-27,110.37,400010002000009
6000,2018-05-29,2018-05-27,411.04,400010002000622
